00001,메이드 아줌마의 앞치마
00002,소학생의 연필
00003,개미다리
00004,빗자루
00005,검은 로브
00006,짝퉁 무녀복
00007,알껍질
00008,거미 다리
00009,식인식물의 잎사귀
00010,쥐꼬리
00011,고블린용 장신구
00012,찢어진 신문지
00013,폭탄 심지
00014,개털(?)
00015,딱정벌레의 등껍질
00016,개털
00017,고양이털
00018,THAT
00019,구부러진 숟가락
00020,얆은 촌지
00021,말라붙은 거품
00022,6면 주사위
00023,10면 주사위
00024,4면 주사위
00025,뚱녀 웨이트리스의 앞치마
00026,3류 패션잡지
00027,말라비틀어진 오이
00028,왕거미 다리
00029,바퀴벌레 다리
00030,지갑
00031,구두
00032,헤어 스프레이
00033,단무지
00034,닭의 깃털
00035,닭의 부리
00036,닭발
00037,10mm 나사
00038,20mm 베어링
00039,날개 가루
00040,개이빨
00041,호미
00042,곡괭이
00043,코걸이
00044,마늘
00045,조련용 먹이
00046,조련용 채찍
00047,개송곳니
00048,샘플화장품
00049,확음악 테이프
00050,곰발바닥
00051,곰털
00052,나비 넥타이
00053,손때묻은 칼손잡이
00054,저주받은 스프링
00055,왕몽뎅이
00056,왕짱돌
00057,축제장식
00058,말털(?)
00059,말발굽
00060,호박
00061,장바구니
00062,할인 쿠폰
00063,흰옷
00064,좀비 가죽
00065,좀비복
00066,바가지
00067,돌맹이
00068,나무 진자
00069,뼈다귀
00070,하얀 뼈다귀
00071,검은 뼈다귀
00072,파란 뼈다귀
00073,붉은 뼈다귀
00074,쉰호박
00075,낚시대
00076,300mm 나사
00077,비루먹은 피수
00078,빨판총
00079,20mm 나사
00080,40mm 베어링
00081,무색의 엑토플라즘
00082,인어의 비늘
00083,리모콘
00084,저전도 철판
00085,녹슨 철판
00086,목심 커피믹스
00087,티백 녹차
00088,굴가죽
00089,대나무
00090,흑염소 수염
00091,육개장 작은 사발면
00092,해파리 무침
00093,두꺼비 가죽
00094,스시
00095,고장난 자명종 시계
00096,볼펜볼V
00097,볼펜잉크V
00098,아나콘다의 허물
00099,수면제
00100,수험표
00101,찢어진 쿠폰
00102,10점 쿠폰
00103,5mm 철갑
00104,100mm 베어링
00105,농구공
00106,삼겹살
00107,게의 게거품
00108,고릴라털
00109,각성제
00110,녹슬은 철봉
00111,바게뜨 빵
00112,고철
00113,팩맨 게임 소프트
00114,돼지표 본드
00115,펭귄돼지의 날개
00116,젤리
00117,바나나 껍질
00118,농약
00119,오이
00120,다이아몬드 파편
00121,호박죽
00122,광화제
00123,돌맹이 진자
00124,좀비가죽 지갑
00125,자명종 시계
00126,비루 가루
00127,돌 바가지
00128,회색 뼈다귀
00129,보라색 뼈다귀
00130,하늘색 뼈다귀
00131,검붉은 뼈다귀
00132,커피 젤리
00133,녹차 젤리
00134,시한폭탄 담배
00135,수면 바게뜨
00136,수면 사발면
00137,30mm 나사
00138,60mm 베어링
00139,왕 돌 몽둥이
00140,쪽파
00141,양파
00142,대파
00143,나일론 실
00144,등산 장비
00145,도마
00146,철 수리검
00147,와사비
00148,국자
00149,먼지
00150,생선 꼬리
00151,닭다리뼈
00152,낡은 갑옷 비늘
00153,부러진 화살
00154,적색 재
00155,청색 재
00156,녹색 재
00157,황색 재
00158,빛바랜 깃털
00159,검은 깃털
00160,하얀 깃털
00161,갈퀴
00162,때국물 가득한 셔츠
00163,검은 갑옷 비늘
00164,이빠진 엔젤 하이로우
00165,적색 옷
00166,청색 옷
00167,녹색 옷
00168,황색 옷
00169,철심박은 바게뜨 빵
00170,파파마
00171,구멍난 비닐봉지
00172,개구리 가죽
00173,메뚜기 다리
00174,염소 수염
00175,현무암
00176,넝마
00177,꾸질한 모자
00178,어깨의 어깨뼈
00179,거대한 허물
00180,뻑뻑한 솜
00181,대형 장바구니
00182,마른 잔디
00183,양털
00184,오이면
00185,마늘 죽
00186,붉은 띠
00187,지네 다리
00188,루비 파편
00189,사파이어 파편
00190,아쿠아마린 파편
00191,토파즈 파편
00192,3류 아니메 잡지
00193,맛없는 도시락
00194,괴수의 이빨
00195,별사탕
00196,곰팡이
00197,생선뼈
00198,악어 이빨
00199,폐수
00200,개털X
00201,토사물
00202,버섯 조각
00203,울면
00204,촉수액
00205,토사탕
00206,쓰레기 메당
00207,파피루스 조각
00208,종이컵
00209,페리도트 파편
00210,구멍난 철판
00211,수수께끼의 뼈다귀
00212,갈비뼈
00213,오팔 파편
00214,터키석 파편
00215,에메랄드 파편
00216,아메시스트 파편
00217,강아지 털
00218,곤충 날개
00219,더러운 깃털
00220,브라운쿼츠 조각
00221,사도닉스 조각
00222,하우인 조각
00223,제이다이트 조각
00224,옵시디안 조각
00225,라줄라이트 조각
00226,프레나이트 조각
00227,루벨라이트 조각
00228,아파타이트 조각
00229,쿤자이트 조각
00230,쑥
00231,장작
00232,보들보들한 털
00233,쥐꼬리(?)
00234,마른 나뭇잎
00235,마른 나뭇가지
00236,촉수 덩굴
00237,고기 덩어리
00238,고추
00239,매화빵
00240,난초빵
00241,국화빵
00242,대나무빵
00243,츄가츕스
00244,축하용 폭죽
00245,당근
00246,감자
00247,못
00248,플라스틱 조각
00249,은박지
00250,촛농
00251,샤프심V
00252,골판지
00253,빨래집게
00254,송편
00255,연
00256,탄피
00257,가젤 고기
00258,저질 물소가죽
00259,각질 피부
00260,차가운 살가죽
00261,날카로운 이빨
00262,큐빅 이어링
00263,검은 각질 피부
00264,벌레 껍질
00265,뜨거운 모래
00266,공충 다리
00267,녹색 파편
00268,말느 수염
00269,부패 찌꺼기
00270,오래된 태엽
00271,뒤틀린 퍼즐 조각
00272,반전된 퍼즐 조각
00273,존재할 수 없는 퍼즐 조각
00274,썩은 피부
00275,껄끄러운 손톱
00276,빛의 날개조각
00277,오래된 베어링
00278,수액
00279,축축한 목재
00280,개풀
00281,폐기광석의 가루
00282,폐기원석의 가루
00283,폐가공물의 가루
00284,복워너실패물의 가루
00285,별나사
00286,떫은 과일
00287,부스러지는 페이지
00288,녹슬은 칼날
00289,괴악한 사탕
00290,물컹한 덩어리
00291,사자의 부산물
00292,동그란 돌멩이
00293,엘리멘탈 파우더
00294,블랙 엘리멘탈 파우더
00295,
00296,
00297,노란 가루
00298,반쯤 굳은 피 덩어리
00299,균사체 파편
00300,딱딱한 비늘
00301,동물 가죽
00302,검은 이빨 목걸이
00303,
00304,UXB 메모리
00305,모기 눈알
00306,보석 찌끄레기
00307,깨진 토기
00308,고운 모래
00309,낡은 주머니
00310,
00311,
03001,소학생의 지우개
03002,유치원생의 신발
03003,개미 더듬이
03004,찌그러진 서빙용 쟁반
03005,인조 손가락
03006,유리 구슬
03007,하급마족의 발톱
03008,하루살이의 다리
03009,미소녀 고블린의 쇼울
03010,청색 폭탄 조각
03011,육상선수의 운동화
03012,멍석
03013,오크의 선글라스
03014,미니데빌의 손
03015,초급 마술서
03016,이틀살이의 다리
03017,촌지
03018,티메
03019,중급마족의 발톱
03020,이타라즐의 마법서
03021,송아지 꼬리(?)
03022,바니걸 토끼귀
03023,무녀복 비스무레한 옷
03024,낡은 앰프
03025,루즈 삭스
03026,왕거미 눈알
03027,적색 폭탄 조각
03028,글래머 고블린의 수영복
03029,메이드 할머니의 앞치마
03030,하급생의 학생증
03031,44라이트
03032,작은 사신용 낫
03033,오크용 응급치료 가루
03034,동급생의 학생증
03035,사흘살이의 다리
03036,나비 더듬이
03037,죽마
03038,밀짚 모자
03039,광부 헬멧
03040,낚시 모자
03041,뿔모자
03042,은십자가
03043,개꼬리
03044,기계손
03045,롸커옷
03046,귀소녀의 뿔
03047,마법사의 지팡이
03048,시한폭탄 심지
03049,곰쓸개
03050,메뉴판
03051,쎈쥐의 이빨
03052,이나간 칼날
03053,저주받은 경첩
03054,회초리
03055,만드라고라의 뿌리털
03056,고블린 드럼
03057,고블린 가죽
03058,오우거의 팬티
03059,백살 드레스
03060,좀비 비키니
03061,본 이어링
03062,거미 독액
03063,겔겔의 심령서(사본)
03064,꾸질꾸질한 샅바
03065,구멍난 깡통
03066,영계 고기
03067,비루먹은 유니콘의 꼬리털
03068,식사용 자동기계
03069,벼룩 마트
03070,초대형 검
03071,노란색의 엑토플라즘
03072,마이티마우스의 망토
03073,참빗
03074,철판
03075,올인교 성표
03076,깜찍한 좀비복
03077,죽순
03078,염소뿔
03079,머리의 머리카락
03080,새의 부리
03081,두꺼비 혓바닥
03082,타나카의 사진
03083,사낙의 비늘
03084,100점 쿠폰
03085,후졌다맨 투구(적)
03086,돌피 다리
03087,카메라 가방
03088,스프링 슈즈
03089,미스 좀비가죽
03090,오겹살
03091,구라임 조각
03092,게맛살
03093,동클 훈장
03094,소꼬리
03095,검은 위액
03096,비료
03097,싸구려 라이타
03098,녹용
03099,철제 6면 주사위
03100,철제 10면 주사위
03101,철제 4면 주사위
03102,토한 비루
03103,문학 서적
03104,다마고치
03105,깜찍한 고릴라 옷
03106,불합격 통지서
03107,초대형 랜스
03108,키높이 구두
03109,가위바위보 게임기계
03110,빽클 훈장
03111,검은 개털
03112,후졌다맨 투구(녹)
03113,소뿔
03114,후졌다맨 투구(황)
03115,바구니
03116,왕고철
03117,겔겔겔겔의 겔
03118,그리폰의 털
03119,펭귄돼지의 삼겹살
03120,독가스 스프레이
03121,유니콘의 꼬리털
03122,볼펜심V
03123,엑토플라즘 젤리
03124,농약 스프레이
03125,딱정벌레껍질 철판
03126,흑염소 수염붓
03127,좀비가죽 쇼울
03128,저주받은 스프링 슈즈
03129,식빵
03130,닭발 볶음
03131,2류 패션잡지
03132,굴 가죽 자켓
03133,돈들은 지갑
03134,석장
03135,거미독액 부침
03136,식인식물잎 담배
03137,십오겹살
03138,엑토플라즘 사발면
03139,불합격 통지시계
03140,롹음악 시계
03141,볼펜볼건
03142,믹서기
03143,레두스타
03144,휴대용 가스
03145,생강
03146,식칼
03147,쇠바늘
03148,빨강 구슬 폭탄
03149,연막탄
03150,은수리검
03151,사자 갈기
03152,후라이팬
03153,오이젤리
03154,오우거 가스
03155,소뿔랜스
03156,불개미의 다리
03157,물개미의 다리
03158,전기개미의 다리
03159,독개미의 다리
03160,돌피다리(소)
03161,낡은 갑옷
03162,육개장 왕 사발면
03163,THAT mk-2
03164,대나무 도마
03165,초대형 식칼
03166,좀비가죽 드럼
03167,굴가죽 드럼
03168,짱돌넣은 장바구니
03169,굴가죽 농구공
03170,박살폭죽
03171,웰빙 바게뜨 빵
03172,푸석한 머리카락
03173,법의
03174,개털박은 광부헬멧
03175,개털박은 낚시모자
03176,먼지 덩어리
03177,왕거미다리 천막
03178,검은 먼지
03179,신앙의 증표(흑)
03180,신앙의 증표(적)
03181,신앙의 증표(청)
03182,빛나는 깃털
03183,칠흑색 깃털
03184,천사복 안같은 천사복
03185,찢어진 검은 천사복
03186,검은 단검
03187,검은 수리검
03188,쟁기
03189,칠흑빛 재
03190,THAT 채찍
03191,마늘 목걸이
03192,닭털 다트
03193,빛나는 화살
03194,얼룩진 깃털
03195,양파 엑기스
03196,확시계 폭탄
03197,하이퍼 오이
03198,검은 먼지 연막탄
03199,황제몽뎅이
03200,양파젤리
03201,좀비가죽 이불
03202,속빈알
03203,철바가지
03204,다부쳐Z
03205,연필 스피어
03206,아령
03207,무쇠목줄
03208,그것의 그것
03209,비닐봉지
03210,오리할콘 조각
03211,은침
03212,츄의 혓바닥
03213,뜨거운 혓바닥
03214,메뚜기 날개
03215,고트맨의 발
03216,검은 엑토플라즘
03217,네거티브 에너지 시드
03218,아스트랄 세포
03219,이블 시드
03220,연옥석
03221,검은 채찍
03222,눈깔 사탕
03223,피뭍은 궤짝조각
03224,붉은 로브
03225,푸른 로브
03226,녹색 로브
03227,갈색 로브
03228,노란 로브
03229,보라색 로브
03230,괴상한 천
03231,철도마
03232,메뚜기 다리 구이
03233,대나무 장바구니
03234,잔디씨
03235,드!의 큐브
03236,전갈 꼬리
03237,늑대 가죽
03238,매지컬 수리검
03239,오리면改
03240,유리 솜
03241,파인 소드
03242,가위
03243,뺀찌
03244,영계죽
03245,곰털 로브
03246,셀링
03247,뼈호미
03248,종이반죽 그릇
03249,나일론 밧줄
03250,가면
03251,각목
03252,눈알액
03253,얼은 고기
03254,변신장치(백)
03255,변신장치(흑)
03256,
03257,무릎의 무릎뼈
03258,돌연변이쥐의 이빨
03259,돌연변이 지네의 껍질
03260,농축폐기물 찌꺼기
03261,갈색 개이빨
03262,80mm 베어링
03263,125mm 나사
03264,토사물 덩어리
03265,오염된 등껍질
03266,자라껍질
03267,검은 천
03268,스피릿 시드
03269,애쉬 본
03270,강력 수면제
03271,에너지 시드
03272,미드나이트 본
03273,도플갱어 손톱
03274,별과자
03275,화강암
03276,버섯 구이
03277,폐수탕면
03278,폐수젤리
03279,늑대가죽 망토
03280,롱노우즈
03281,하이울면
03282,글레이브
03283,오이 도시락
03284,철솜
03285,무화과
03286,빈페이지
03287,카모나이트 화석조각
03288,강아지 꼬리
03289,파피루스
03290,분노의 메달
03291,종이접시
03292,풍화된 철판
03293,동판
03294,청동판
03295,도로셀
03296,점보 6면 주사위
03297,50mm 철갑
03298,거품 가루
03299,하얀천
03300,작은 톱니바퀴
03301,철괴
03302,페리도트 이어링
03303,죽창
03304,주사위 귀걸이
03305,적색 천
03306,청색 천
03307,표백제
03308,스프링 팔찌
03309,혼 하트 이어링
03310,종이컵 전화
03311,갈비뼈 가면
03312,발굽 놀이기구
03313,뼈다귀 한 다스 1
03314,하얀 로브
03315,녹색 천
03316,형광펜V
03317,황색 천
03318,벌침
03319,노략 물품
03320,쿠퍼 마이닝 코인
03321,동괴
03322,주석괴
03323,흑연
03324,오닉스 조각
03325,로즈쿼츠 조각
03326,시트린 조각
03327,문스톤 조각
03328,말라카이트 조각
03329,스피넬 조각
03330,지르콘 조각
03331,서펜타인 조각
03332,파이로프 조각
03333,라피스라즐리 조각
03334,브라운쿼츠
03335,사도닉스
03336,하우인
03337,제이다이트
03338,옵시디안
03339,라줄라이트
03340,프레나이트
03341,루벨라이트
03342,아파타이트
03343,쿤자이트
03344,강렬한 턱주가리
03345,옵시디안 이어링
03346,쿤자이트 이어링
03347,퀵클링의 발톱
03348,화려한 등껍질
03349,폭발성 촉매제
03350,냉각성 촉매제
03351,강제혼합 보조제
03352,팔리멘트
03353,붉은 꽃잎
03354,나뭇잎
03355,굵은 나뭇가지
03356,블랙 유니콘의 꼬리털
03357,분홍 꽃잎
03358,파랑 꽃잎
03359,수수께끼의 잔해물
03360,촉수 가지
03361,생수
03362,빈 영수증
03363,총명탕
03364,망원안경
03365,빙수
03366,석궁
03367,핫고추
03368,깃털
03369,폐수커피
03370,숯
03371,케잌칼
03372,케잌양초
03373,냉옥석
03374,흰 와이셔츠
03375,왕 낚시대
03376,우유
03377,소금
03378,드라이버
03379,브론즈 실드
03380,동열쇠
03381,은열쇠
03382,백금 톱니바퀴
03383,진혼향
03384,스티로폼 조각
03385,알사탕
03386,스카치 테이프
03387,사악한 뼈다귀
03388,패션 팔찌
03389,반 영체 털
03390,오래된 장작
03391,복주머니
03392,가래떡
03393,저질 얼룩가죽
03394,저질 알록가죽
03395,폐타이어
03396,밀렵꾼 모자
03397,축하용 폭탄
03398,마른땔감 세트
03399,질척한 종이반죽
03400,당근채찍 세트
03401,플라스틱 괴
03402,엑토플라즘 팩
03403,샤프심VR
03404,애시드 스프레이의 주문서
03405,가젤 소금구이
03406,패션발찌
03407,쇼크잽의 주문서
03408,오래된 석상
03409,산성 피
03410,차가운 재
03411,파란색의 엑토플라즘
03412,강철 비늘
03413,피주머니
03414,붉은 개털
03415,날카로운 손톱
03416,굵직한 가지
03417,피빛 비늘
03418,종유석 조각
03419,저질 보석
03420,빅돌바가지
03421,지혜의 곡옥
03422,거친 가죽
03423,뻑뻑한 가죽
03424,날카로운 모래
03425,거친 비늘 껍질
03426,썩은 진흙
03427,마른 이끼
03428,얼어붙은 이끼
03429,망가진 하이힐
03430,헤진 옷
03431,녹색 엑토플라즘
03432,망상의 파편
03433,꽃가루 주머니
03434,녹슬은 금속 조각
03435,거대한 발굽
03436,원초적 그것의 그것
03437,녹색 덩어리
03438,밀랍
03439,큰 고기 덩어리
03440,조각용 칼
03441,메모리 파우더
03442,모순의 살덩이
03443,기분나쁜 구슬
03444,보라빛 가루
03445,빛나는 날개막
03446,고장난 회중시계
03447,시간의 파편
03448,돌연변이의 살조각
03449,성스러운 깃털
03450,푸른 비늘
03451,가벼운 하프
03452,싸구려 신발
03453,암염
03454,사암
03455,암영괴
03456,이암
03457,접착괴
03458,칼사이트
03459,섬광석
03460,콰츠
03461,핫 젬스톤
03462,콜드 젬스톤
03463,소리나는 보석
03464,오래된 구슬
03465,정체불명의 독버섯
03466,갈대
03467,가늘은 덩굴
03468,다듬어진 동물의 뼈
03469,쥐잡이 식칼
03470,낡은 검은 망토
03471,에인션트 베어링
03472,빈티지 돌옷
03473,버려진 헝겊인형
03474,심플 퍼즐박스
03475,바인딩 파츠
03476,고블린의 돌검
03477,여행자의 미신부적
03478,오크 부족팔찌
03479,괴악한 오르골
03480,돌오징어 다리
03481,전자파 보호 안경
03482,폐기광석의 조각
03483,폐기원석의 조각
03484,폐가공물의 조각
03485,복원실패물의 조각
03486,소금구이 모듬
03487,손질용 칼
03488,멜팅 파우더
03489,조약돌
03490,하얀 가루
03491,저질 사금
03492,빛바랜 호박
03493,플라스틱 칼날
03494,큐빅 코뚜레
03495,A44 용지
03496,개풀죽
03497,사운드 볼
03498,노예의 증표
03499,공국 시민권
03500,부서진 허리띠
03501,장식용 깃털
03502,라니스의 성서 사본
03503,넓다란 찻잔
03504,레드 플래그 
03505,그린 플래그
03506,블루 플래그
03507,옐로우 플래그
03508,퍼플 플래그
03509,태양 스티커
03510,달 스티커
03511,별 스티커
03512,트위스티드 파츠
03513,진정제
03514,살샋 암밴드
03515,졸렬한 장날
03516,개가죽
03517,질긴 덩쿨
03518,몽둥이
03519,진주 파편
03520,더러운 붕대
03521,라이트 시드
03522,다크 시드
03523,투명한 손톱
03524,불의 가루
03525,물의 가루
03526,바람의 가루
03527,땅의 가루
03528,냄새나는 이빨
03529,검은 재
03530,징그러운 촉수
03531,괴이한 나무조각
03532,녹슨 체인
03533,붉은색의 엑토플라즘
03534,생명의 가루
03535,죽음의 가루
03536,정령의 토양
03537,환각의 가루
03538,스피릿 스낵
03539,산뜻한 방향제
03540,젤리콘
03541,쑥뜸
03542,감자 소금구이
03543,엘리멘탈 시드
03544,다크 엘리멘탈 시드
03545,저열한 빛옷
03546,에테리얼 조각
03547,검은 수염
03548,검은 발굽
03549,반 영체 비늘
03550,질긴 흡착판
03551,밤의 파편
03552,
03553,잡동사니 주머니
03554,
03555,빈 독양병
03556,센타오크 부족의 징표
03557,징그러운 벌레조각
03558,
03559,부서진 머리장식
03560,
03561,삼색 구슬
03562,산호 조각
03563,이온 코일 베어링
03564,무지개 볼펜심
03565,안개이끼
03566,폐타이어
03567,식용 버섯
03568,침엽수
03569,뱅글마이트
03570,빨간색 조약돌
03571,파란색 조약돌
03572,노란색 조약돌
03573,녹색 조약돌
03574,보라색 조약돌
03575,고사리 화석
03576,호수 가재
03577,아클란 가재
03578,유리 자갈
03579,쓰레기 보석
03580,커다란 석재
03581,돌연변이꽃
03582,1단
03583,1단
03584,1단
03585,201번 레시피
03586,검은 풍뎅이 부적
03587,3519번 레시피
03588,3520번 레시피
03589,3521번 레시피
03590,3528번 레시피
03591,허접한 토기
03592,3530번 레시피
03593,3537번 레시피
03594,3538번 레시피
03595,3543번 레시피
03596,3544번 레시피
03597,
03598,
03599,
03600,
03601,
03602,
03603,
03604,
03605,
03606,
03607,
03608,
03609,눈캔디
03610,암기침
03611,허름한 장승 조각
03612,
03613,폐 전지 셀
03614,실패작의 부품
06001,소학생 교복 치마
06002,유치원생의 모자
06003,메이드 아가씨의 앞치마
06004,천사의알의 액
06005,하급 마족의 뿔
06006,정체불명의 조각 Part-1
06007,고양이 꼬리
06008,암내나는 츄리닝
06009,고급 촌지
06010,중급마족의 뿔
06011,송아지 고기(?)
06012,바니걸 망사 스타킹
06013,부적(?)
06014,정체불명의 조각 Part-2
06015,중학생 교복 상의
06016,바퀴벌레의 날개
06017,츄의 발바닥
06018,경찰봉
06019,글래머 고블린의 브래이지어
06020,검은 유리 구슬
06021,쇼넬 #8
06022,나무 지팡이(?)
06023,인조 발가락
06024,상급생의 학생증
06025,오크 챔피언 벨트
06026,숲 엑기스
06027,독 엑기스
06028,옆집 아줌마의 파마머리
06029,무녀복같은 무녀복
06030,기계발
06031,귀소녀의 눈
06032,백색 폭탄 조각
06033,얼음 엑기스
06034,전격 엑기스
06035,센쥐의 가죽
06036,저주받은 무언가
06037,살아있는 페이지
06038,수학 교과서
06039,물리문제집
06040,놀 가죽
06041,악마의 가면조각
06042,정체불명의 조각 Part-4
06043,섹시 놀의 브래이지어
06044,페어리의 날개
06045,메이드 증조 할머니의 앞치마
06046,천살 드레스
06047,스켈레톤 비키니
06048,상급마족의 발톱
06049,대왕거미 눈알
06050,흑색 폭탄 조각
06051,빔 낚시대
06052,빔 호미
06053,빔 곡괭이
06054,마종거의 가슴판
06055,물보로
06056,울트라 거지 자격증
06057,만살 드레스
06058,왕쎈쥐의 이빨
06059,화옥
06060,수옥
06061,뇌옥
06062,독옥
06063,바바리안 챔피언의 문신
06064,한달살이의 다리
06065,카오스 실드
06066,사이보그 강아지의 목
06067,에너지 에센스
06068,머메이드 하푼
06069,바스트 미사일
06070,옆집 할머니의 흰머리
06071,저전자 요요
06072,정체불명의 조각 Part-5
06073,찻잔과 받침대
06074,이쁜이 굴의 보조개
06075,머리의 이빨
06076,매크로 머신
06077,쇼타 빔포
06078,좀비 근육
06079,해파리 냉채
06080,펌프킨 버드의 깃털
06081,왕눈이 두꺼비의 왕눈
06082,반년살이의 다리
06083,봉제 곰인형
06084,재수옴
06085,상습 지각 증명서
06086,아나콘다의 이빨
06087,사낙의 뿔
06088,아쿠마 탈
06089,트랜스폼 모듈
06090,후졌다맨 복장(적)
06091,쌈닭의 신발
06092,돌피 팔
06093,조닥 카메라
06094,백곰 가죽
06095,미스좀비 미의 관
06096,원격조종 폭탄 심지
06097,슬라임 친구 증명서
06098,동클교 성서
06099,광우병 걸린 소고기
06100,비리 카
06101,ZAPPO 라이터
06102,두꺼운 마법서
06103,발레 슈즈
06104,박살공주의 망치
06105,XT 필드 발생기
06106,면접자 명단
06107,카오스 프레쉬
06108,쿠소 알약
06109,부드카
06110,후졌다맨 복장(녹)
06111,후졌다맨 복장(황)
06112,마벨러스 식인식물의 뿌리
06113,사망자 명단
06114,바이킹 모자
06115,후까시 옷
06116,비홀더의 작은 눈알
06117,업클 훈장
06118,어린 드래곤의 혓바닥
06119,정체투명한 조각1
06120,후졌다맨 투구(백)
06121,그리폰 발톱
06122,오우거 로드의 몽뎅이
06123,울트라쥐의 이빨
06124,국어의 정석
06125,정문 기초 수학
06126,걸쭉한 젤리
06127,금판
06128,청년 드래곤의 뿔
06129,정체투명한 조각2
06130,은제 6면 주사위
06131,은제 10면 주사위
06132,은제 4면 주사위
06133,타서봉
06134,투명 개미 다리
06135,바퀴벌레 다리 구이
06136,닭털 부채
06137,오우거 팬티 몽둥이
06138,인어 비늘 철판
06139,후까시 좀비 옷
06140,두꺼비 혓바닥 채찍
06141,미스좀비 가죽 팬티
06142,불합격자 명단
06143,머리의 파마머리
06144,걸쭉한 독젤리
06145,염소뿔 모자
06146,휴대용 화염방사기
06147,녹차
06148,커피
06149,만드라고라 차
06150,서빙용 쟁반
06151,사낙 비늘 철판
06152,호버링 죽마
06153,철코팅 마법서
06154,앰프
06155,꾸질꾸질한 팬티
06156,후까시 검은 로브
06157,과학 기초 전과
06158,나비 더듬이 모자
06159,괴상한 빵
06160,위조 쿠폰
06161,얼음바늘
06162,양파 미사일
06163,마법 메뉴판
06164,일주일도 못사는 자의 비애
06165,훼카스D
06166,확 매니아 장식
06167,자동 요리기계
06168,초 와사비
06169,초 스시
06170,사자 발톱
06171,전자렌지
06172,곰쓸개 쥬스
06173,돈들은 미스좀비 가죽 지갑
06174,이타라즐의 지팡이
06175,뚱녀 웨이트리스 도촬 사진
06176,좀비근육 쥬스
06177,파 사라다
06178,토한비루 죽
06179,"백색 돌피 머리카락(남,단발)"
06180,"백색 돌피 머리카락(여,숏커트)"
06181,3000mm 나사
06182,매지컬 석장
06183,개털 운동화
06184,츄발탕명
06185,붉은 유리 구슬
06186,푸른 유리 구슬
06187,보라색 유리 구슬
06188,하늘색 유리 구슬
06189,나사 건
06190,엘레멘탈 개미다리
06191,쥐꼬리 철판볶음
06192,끈달린 빔 호미
06193,1류 패션 잡지(아레사)
06194,먼지 엑기스
06195,신앙의 증표(황)
06196,충성심의 단검
06197,다크 에센스
06198,언홀리 엠블렘
06199,홀리 엠블렘
06200,엔젤 하이로우
06201,블랙 엔젤 하이로우
06202,빈 두루마리
06203,짝퉁 검은 천사복
06204,검은 장검
06205,OTL 피규어
06206,빛만나는 장검
06207,징벌의 가시채찍
06208,잡탕 섞어찌개
06209,엑토플라즈믹 건
06210,스톤 헬름
06211,신앙의 증표(은)
06212,토한 비루 코팅한 법의
06213,중급 마술서
06214,인섹트 프로텍터
06215,독액 드링크
06216,바늘 황제몽뎅이
06217,금가루 넣은 오이 젤리
06218,밀짚 투구
06219,에어 욜단
06220,독액먹인 넥타이 채찍
06221,웨이트리스의 쟁반
06222,비루차
06223,돌피 팔(소)
06224,러브 레터
06225,액체 금속
06226,파피루스 두루마리
06227,역기 봉
06228,매드 치킨 블러드
06229,카오스 헬름
06230,문즈 클락
06231,누런 개털
06232,구름의 결정
06233,태양의 결정
06234,달의 결정
06235,에인션트 유니콘 꼬리털
06236,하이 볼펜 심V
06237,흑마술의 가루
06238,거궁
06239,메뚜기 눈알
06240,용암액
06241,불타는 가죽
06242,아스트랄 원액
06243,중급악마의 눈
06244,정신고양제
06245,맨들한 등껍질
06246,어깨의 어깨근육
06247,아날라라콘다의 비늘
06248,매지컬 양파
06249,금도마
06250,언데드 가죽 드럼세트
06251,천 덧댄 넝마
06252,오리할콘 십자가
06253,칼날같은 잔디
06254,금가루 오이
06255,감기약
06256,돌피 다리 구이
06257,스피리츄얼 수리검
06258,파이어 엘레멘트 클로스
06259,워터 엘레멘트 클로스
06260,라이트닝 엘레멘트 클로스
06261,어스 엘레멘트 클로스
06262,본 소드
06263,금가위
06264,프로텍션 로브
06265,레드 이어링
06266,라이프 시드
06267,원기환
06268,사기핸드
06269,메카닉 광부헬멧
06270,허술한 가발
06271,빨간 리본
06272,파란 리본
06273,보라색 리본
06274,노란 리본
06275,소울 시드
06276,선글라스
06277,2 inch 피규어
06278,대해괴수의 지느러미
06279,땀절은 투구
06280,블랙 스타
06281,지저괴수의 앞발
06282,지상 거대괴수의 꼬리
06283,가습 구슬
06284,나침반
06285,악어 혀
06286,불연성 쓰레기
06287,방사능 침
06288,독극물
06289,오염된 날개
06290,스토커의 팔
06291,스피릿 스파이더의 다리
06292,회색 포자
06293,이블 파우더
06294,우그러진 방패
06295,침묵의 손톱
06296,도플갱어 가죽
06297,다미끌
06298,미드나이트 파우더
06299,플레인 보우
06300,실버 스피어
06301,산책용 흰모자
06302,하이 멜팅 파우더
06303,안습의 메달
06304,메모리 크리스탈
06305,강철 체인
06306,은판
06307,레플리카 검
06308,뾰족한 뼈다귀
06309,거대한 뼈다귀
06310,자이언트 6면 주사위
06311,쓸개 엑기스
06312,망치
06313,비닐봉지 가면
06314,소학생 교복 미니스커트
06315,핑거 익스텐드 글로브
06316,핑크색 천
06317,원기 드링크
06318,치료가루 반죽
06319,힐링 누들
06320,본 사인 이어링
06321,철모루
06322,하늘색 천
06323,연두색 천
06324,뼈다귀 한 다스2
06325,크로우 브레스렛
06326,독수리 부리
06327,행상품
06328,벌눈알
06329,평원 거인의 손톱
06330,은괴
06331,아연괴
06332,니켈괴
06333,자석
06334,고무액
06335,주사위 벽
06336,청동괴
06337,브론즈 프레일
06338,흑연가루
06339,동파이프
06340,철파이프
06341,화약 가루
06342,1류 패션 장갑
06343,서펜트 대거
06344,포토 타일
06345,프레스 머신
06346,나사 발칸
06347,일반 칼손잡이
06348,명주실
06349,레플리카 방패
06350,하얀 시뇽
06351,산책용 흰구두
06352,숲개미 다리
06353,최면 거미 눈알
06354,떡갈나무 목재
06355,참나무 목재
06356,단풍나무 목재
06357,다람쥐 이빨
06358,네거티브 라이프 시드
06359,부메랑
06360,보조개 스티커
06361,참치 눈알
06362,고무망치
06363,설탕
06364,부탄 가스
06365,건강 침구세트
06366,쑥떡
06367,얼음물
06368,킹총명탕
06369,냉커피
06370,삼색 보석전구-A
06371,삼색 보석전구-B
06372,파티 고깔모자
06373,대형 폭죽
06374,원형질 융해제
06375,고무줄
06376,육즙
06377,악어 핫 혀 구이
06378,커피 빙수
06379,육즙 빙수
06380,그라인더
06381,아이언 아물렛
06382,블랙 유니콘 마후라
06383,캉왕짱 낚시대
06384,공성용 랜스
06385,요구르트
06386,멜론
06387,실리콘 본드
06388,석제 몽둥이
06389,금 열쇠
06390,선풍기 프로펠러
06391,빈 단어 암기장
06392,소형 진공 청소기
06393,쓰레받기
06394,폴른 엔젤 파우더
06395,뱅글뱅글 안경
06396,진홍 꽃잎
06397,핑크 에이프런
06398,꽃신
06399,차례주
06400,흰사자 가죽
06401,말발굽
06402,가젤 가죽
06403,하마 어금니
06404,코뿔소 가죽
06405,좀비 가죽 텐트
06406,저질 패션 가죽옷
06407,석궁 VR
06408,퇴마용 소금
06409,샤프심 VRZX
06410,치킨 픽
06411,보들보들한 목도리
06412,블랙워터의 주문서
06413,블랙 히어로 가면
06414,히어로 가면
06415,커피 우유
06416,오이 우유
06417,피뭍은 궤짝
06418,가래떡 채찍
06419,빅 알사탕
06420,스피릿 큐브
06421,저주받을 그것
06422,궤짝
06423,종이 반죽 브래이지어
06424,매난국죽 빵 선물세트
06425,포이즌 액스
06426,옥 바위
06427,작약의 발톱
06428,아이스 골렘의 팔
06429,얼음 칼날
06430,블루 스펙트랄 로브
06431,얼음 비늘
06432,티타늄 조각
06433,피묻은 단검
06434,루밀러 이빨
06435,불타는 체액
06436,회색 피부
06437,고블린 빅 드럼
06438,니게이트 시드
06439,긴 멍석
06440,검은 천 침낭
06441,검은 주머니
06442,흉포한 장갑
06443,피사탕
06444,투스 아뮬렛
06445,하이에나 넓적다리 고기
06446,돌껍질 피부
06447,졸라 긴 지네 다리
06448,수통
06449,뱀고기
06450,투척 나이프
06451,자이언트 팬티
06452,분홍색 모래
06453,하늘색 모래
06454,빨대
06455,이끼 낀 갑옷조각
06456,이끼 낀 칼조각
06457,독가루 주머니
06458,강철 팔목보호대
06459,검은 나뭇잎
06460,네이쳐스 시어 반지
06461,부패액 주머니
06462,유독성 이끼
06463,강력한 혀 힘줄
06464,정체불명의 기계부품
06465,인간용 떡밥
06466,어부용 떡밥
06467,녹색 가루
06468,신록의 녹주옥
06469,po베어링wer
06470,이끼맛 사탕
06471,압축밀랍
06472,탄환 소재
06473,초강력 테이프
06474,실버 드라이버
06475,연녹색 금속판
06476,이끼 타일
06477,지혜의 돌바가지
06478,강력폭발성 촉매제
06479,고기바위
06480,매우 생강
06481,돌 지팡이
06482,저질 원초액
06483,바위 세포
06484,검은 피
06485,위선의 가루
06486,리버스 베어링
06487,토끼 귀
06488,반짝이는 옥패
06489,윤기나는 흰깃털
06490,타락자의 증표
06491,크게 성스러운 깃털
06492,페이징 파우더
06493,프리티 원피스
06494,큐트 리본
06495,러블리 안경
06496,빨간 산타복
06497,파란 산타복
06498,연녹 산타복
06499,베이지 산타복
06500,빨간 산타모
06501,파란 산타모
06502,연녹 산타모
06503,베이지 산타모
06504,공록석
06505,형광석
06506,엘레늄 괴
06507,프로사늄 괴
06508,설탕바위
06509,탄력의 구슬
06510,아줄라이트
06511,블랙 콰츠
06512,퍼플 콰츠
06513,오렌지 콰츠
06514,스톤 오브
06515,사과
06516,바나나
06517,파인애플
06518,민들레
06519,고급 목재
06520,솔방울
06521,호두
06522,때탄 유리판
06523,복원된 모터
06524,고약한 토템
06525,마법회로 석판
06526,정전기방지 팔찌
06527,부담백배 갑옷
06528,원륜도
06529,피규어 해머
06530,오덕 피갑
06531,십자형 접지파츠
06532,성형 접지파츠
06533,우상 모자
06534,단기집중 각성제
06535,폐기광석의 덩어리
06536,폐기원석의 덩어리
06537,폐가공물의 덩어리
06538,복원실패물의 덩어리
06539,마이너 클로스
06540,디거 클로스
06541,하베스터 클로스
06542,엑스캐베이터 클로스
06543,마이너 글러브
06544,디거 글러브
06545,하베스터 글러브
06546,엑스캐베이터 글러브
06547,오래된 동전
06548,플라스틱 디스크
06549,다크 엣지
06550,갈대 피리
06551,저렴한 장신구
06552,따끈따끈 장판
06553,수정설탕
06554,플레일 매터리얼
06555,유리
06556,블루 볼
06557,래더 패딩
06558,매혹의 드링크
06559,핫 드링크
06560,콜드 드링크
06561,지점토
06562,별빛통
06563,잭팟 뱃지
06564,발광 팔찌
06565,전자담배
06566,수정 화석
06567,양귀비 꽃
06568,캔트립 마술서
06569,강섬광석
06570,모순의 왕살덩이
06571,소 핫 젬스톤
06572,소 콜드 젬스톤
06573,시간의 단편
06574,성스러운 화살
06575,퍼즐 볼
06576,클락 매터리얼
06577,접착판
06578,머드 아머
06579,아머 매터리얼
06580,실드 매터리얼
06581,가죽옷 매터리얼
06582,모순 퍼즐
06583,백광의 랜턴
06584,도금 장신구
06585,의식용 분장도구
06586,싸구려 성물
06587,거문고
06588,마장석
06589,고추장
06590,풀피리
06591,푸른 얼음
06592,찰옥수수
06593,휴대용 포도탄 발사기
06594,뜨거운 빛의 팔찌
06595,차가운 빛의 목걸이
06596,눈부신 빛의 옷
06597,호랑이 가죽
06598,용의 분
06599,빨간 마후라
06600,알로에 엑기스
06601,냉장 지갑
06602,진동 목걸이
06603,이차원의 돌
06604,소용돌이의 구슬
06605,야행성 슈츠
06606,월광초 씨앗
06607,라이트 에센스
06608,푸른 소가죽
06609,더러운 주머니
06610,알록달록 덩어리
06611,조잡한 도끼
06612,흐릿한 개털
06613,하피의 겨털
06614,돌기 촉수
06615,탁한 피
06616,독극물 덩어리
06617,인공생명체의 살점
06618,투명한 피부
06619,대리석
06620,기다란 가시
06621,오래된 붕대
06622,
06623,망사 천
06624,산성 가루
06625,핑크 페더
06626,죄인의 눈물
06627,스티로폼 덩어리
06628,"엑스 트위스티드 파츠, 172번"
06629,"메가도로셀, 174번"
06630,장지갑
06631,6502번 레시피
06632,괴이한 나무조각상
06633,조약돌 벽
06634,어깨뼈 몽둥이
06635,재생의 가루
06636,보라색의 엑토플라즘
06637,골판 아머
06638,회중시계
06639,고추장 불고기
06640,니이키
06641,3476번 레시피
06642,금빛 날개깃옷
06643,흑요석 화살
06644,데드 스폰
06645,악몽의 씨앗
06646,흉악한 손톱
06647,에테리얼 각질
06648,
06649,
06650,
06651,
06652,노란 고블린 귀
06653,오크 전통 장신구
06654,실성액
06655,
06656,흡혈 대롱
06657,손상된 눈알
06658,칼날 갈고리 다리
06659,독소 균사체
06660,비취빛 비늘
06661,조잡한 검은 도끼
06662,
06663,굵은 발굽
06664,길다란 발톱
06665,
06666,
06667,숙성 가죽 지갑
06668,충정석
06669,마나 필터
06670,방전된 룬스톤
06671,팔각결정 설탕
06672,가시 조약돌
06673,미스트 스톤 파편
06674,댄스 디스크
06675,괴조의 깃털
06676,사령의 뼈
06677,커럽션 스톤
06678,패독의 가시줄기
06679,1단
06680,1단
06681,1단
06682,1단
06683,1단
06684,무거운 하프
06685,1단
06686,옐루스타
06687,아클란 가재찜
06688,호수 가재 조림
06689,3516번 레시피
06690,매끈한 창날
06691,화석 가루
06692,3527번 레시피
06693,3533번 레시피
06694,3539번 레시피
06695,가재껍질 허리띠
06696,빨간 조약보석
06697,파란 조약보석
06698,노란 조약보석
06699,녹색 조약보석
06700,보라색 조약보석
06701,
06702,3562번 레시피
06703,
06704,
06705,
06706,
06707,에테리얼 포션
06708,반 영체 조끼
06709,
06710,
06711,
06712,망상의 석상
06713,
06714,
06715,
06716,
06717,
06718,
06719,
06720,
06721,
06722,
06723,돋보기
06724,컨닝 스크롤
06725,붉은 장승 조각
06726,푸른 장승 조각
06727,사자왕의 X
06728,수수께끼의 쐐기돌
06729,불의 차원 정수
06730,물의 차원 정수
06731,바람의 차원 정수
06732,땅의 차원 정수
06733,글리프 오브 페인
06734,강철 곤봉
06735,폴리카의 결정
09001,오래된 장난감
09002,폐인의 증표(동)
09003,낡은 마법 빗자루
09004,초고급 촌지
09005,바니걸 옷
09006,중학생 교복 치마
09007,츄의 귀
09008,경찰차 키
09009,옆집 누나의 머리카락
09010,츄의 눈알
09011,인조 손
09012,진짜 무녀복
09013,국어사전
09014,만드라고라
09015,치프 스태프
09016,프린세스 크라운
09017,유리구두
09018,상급마족의 뿔
09019,소학생 교복 상의
09020,오우거의 마법서
09021,천하장사 벨트
09022,왕쎈쥐의 가죽
09023,메이드 고조 할머니의 앞치마
09024,육메가 미사일
09025,고블린 섹시퀸의 수영복
09026,비루먹은 유니콘의 뿔
09027,천수관은 놀의 옷
09028,오우거 나이트의 투구
09029,크레이지 식칼
09030,비리통장
09031,마이티 마우스의 뇌수
09032,옆집 할머니의 속옷
09033,올인교 성서
09034,피담긴 바께쓰
09035,이쁘고 깜찍한 짓 교습서
09036,팬더 가죽
09037,흑염소 엑기스
09038,쇼타 로보의 머리
09039,불의 정령의 검
09040,물의 정령의 방패
09041,바람의 정령의 투구
09042,땅의 정령의 갑옷
09043,옆집 여동생의 머리카락
09044,아나콘다의 비늘
09045,고블린 크라운
09046,일반 여성 돌피 몸통
09047,녹색 폭탄 조각
09048,키토산 알약
09049,메이드 현조 할머니의 앞치마
09050,비리 집문서
09051,술취한 후돌프의 코
09052,눈알닌겐의 눈알
09053,찢어진 발레복
09054,죽음쎈쥐의 가죽
09055,죽음쎈쥐의 피
09056,빽클교 성서
09057,일년살이의 다리
09058,시가렛
09059,개고기
09060,미스좀비 선의 관
09061,산타클로스의 선물
09062,오우거 비키니
09063,샤이닝 곡괭이
09064,데빌 낚시대
09065,미궁 지도
09066,비스트 조련 교본
09067,거지 귀족 작위증
09068,오메가 호미
09069,뻑간데이 131
09070,살아있는 할버드 날
09071,엘븐 광부헬멧
09072,엘븐 곡괭이
09073,정체불명의 조각 Part-4
09074,마벨러스 식인 꽃
09075,사신용 낫
09076,아들훼날린 드링크
09077,서빙용 은쟁반
09078,우주소녀의 알통
09079,겔겔겔겔의 겔겔
09080,하이메가 마종거 판넬
09081,꽃을 든 미소년
09082,업클교 성서
09083,근육 요정의 몸
09084,원더풀 바디 스켈리톤 비키니
09085,투명한 피
09086,후졌다맨 복장(백)
09087,토디 베어 인형
09088,그리폰의 부리
09089,울트라쥐의 가죽
09090,8 옥타브 발생기
09091,펭귄돼지의 등심
09092,리치의 로브
09093,토마호크
09094,독가스 탐지기
09095,농약 살포기
09096,다이아 판
09097,카사노바의 수첩
09098,거지 왕관
09099,투명 개미 더듬이
09100,화암
09101,수암
09102,뇌암
09103,독암
09104,인조 손
09105,곤충 3종 다리 목걸이
09106,다이아몬드 조각
09107,테러 화장품
09108,암넬 #13
09109,알찬 동물털세트 목도리
09110,클론 더블 혼
09111,재수옴건
09112,8옥타브 확 테이프
09113,비루먹은 유니콘 꼬리털 스웨터
09114,전격 경찰봉
09115,카오스 클럽
09116,펌프킨 버드
09117,박살주
09118,다이아몬드 발레 슈즈
09119,투명화 물약
09120,고블린 프린세스 크라운
09121,하이 호버링 죽마
09122,위액 살포기
09123,근육 미사일
09124,쿠소한 무언가
09125,오겹모듬 구이세트
09126,무지개 뼈다귀
09127,개고기 스시
09128,고출력 기계손
09129,뿔실드
09130,정체불명의 무언가
09131,3류쿠소 게임
09132,히스토리 드레스
09133,천사의 알
09134,올인 에센스
09135,타나카의 뼈
09136,금 수리검
09137,사자 가죽
09138,라이온 킹 발톱
09139,삽질의 훈장
09140,송아지 쥬스(?)
09141,오크 챔피언 문신
09142,동물꼬리 혁띠
09143,전기 지갑
09144,쇼타 돌피 머리 #1
09145,강철 팬티
09146,저주받은 발레슈즈
09147,롹 에센스
09148,강력 염산
09149,초전박살망치
09150,녹슨 동가락지
09151,폐인 뱃지
09152,에너지 하푼
09153,스모킹맨Z
09154,본 링
09155,포레스트 아머
09156,사낙뿔 모자
09157,본 링메일
09158,골드 실드
09159,본 실드
09160,홀리 코팅 연고
09161,충성심의 방패
09162,제트 코어
09163,고대의 경전 part-1
09164,고대의 경전 part-2
09165,고대의 경전 part-3
09166,고대의 경전 part-4
09167,절망의 에센스
09168,좌절의 에센스
09169,검은 천사복인척 하는 옷
09170,천사복 비스무레한 옷
09171,검은 갑옷
09172,괴악한 하프
09173,금지된 인장
09174,인조 발
09175,인조 발
09176,인조 팔
09177,인조 다리
09178,버닝 후라이팬
09179,신앙의 증표(금)
09180,블랙 포이즌 대거
09181,언홀리 크로스
09182,고급 마술서
09183,재수옴 노트
09184,니코틴 스피터
09185,네코미미
09186,사이보그 강아지 mk-2
09187,하이퍼 광부헬멧
09188,스위스 빔 농기구
09189,아이언 쉬랍넬의 주문서
09190,사탄의 곰인형
09191,금 바가지
09192,오이 스톰의 마법서
09193,확 블래스트의 주문서
09194,불타는 화살
09195,차가운 화살
09196,카마이타치 화살
09197,돌화살
09198,인술 두꺼비 소환의 두루마리
09199,살생부
09200,마이스 티스
09201,어프렌티스 마법서
09202,사발 에센스
09203,농업 에센스
09204,어업 에센스
09205,광업 에센스
09206,에로 사진
09207,페어리 고블린의 머리
09208,관광견의 이빨
09209,아다만튬
09210,빅 개이빨
09211,그것의 그것의 그것
09212,위이터 테크닉 100선
09213,형상기억 액체금속
09214,인조 가슴
09215,오리할콘 덩어리
09216,강력 화약
09217,귀신 백서
09218,노란 뇌
09219,녹색 뇌
09220,메뚜기 턱
09221,파멸의 더듬이
09222,아스트랄 옥
09223,데몬 사이드
09224,블루 임프 가죽
09225,쉬프트 기어
09226,지옥불의 혓바닥
09227,헬스톤 조각
09228,화염의 가루
09229,글리프 오브 커스
09230,글리프 오브 둠
09231,상급 악마의 눈
09232,새총
09233,단단한 등껍질
09234,환생한 옆집 여동생의 머리카락
09235,머슬리 베어 인형
09236,다이아 도마
09237,독바늘 황제몽뎅이
09238,황짱돌 새총
09239,마그마데이 262
09240,스네이크 스케일 메일
09241,언홀리 코팅 연고
09242,검은 네코미미
09243,아스트랄 카
09244,엠블렘 오브 다크썬
09245,라! 의 큐브
09246,팔랑 개미의 다리
09247,불행의 박씨
09248,전격 수리검
09249,성스러운 수리검
09250,다이아 목줄
09251,마그마 하푼
09252,네거티브 에너지 소드
09253,리빙 페이퍼 돌
09254,다이아 뺀찌
09255,저주의 종이 인형
09256,저주 인형
09257,빛나는 부채
09258,슈페리어 프로텍션 로브
09259,라이온 링
09260,힐링 시드
09261,재앙을 일으키는 무언가
09262,파워 헬멧
09263,메리켄 너클
09264,불주머니
09265,강철창
09266,거대 망막
09267,전기축적 기관
09268,히어로의 증표
09269,우주괴수의 눈
09270,무릎의 십자인대
09271,방산으 가죽
09272,덩뭍은 개가죽
09273,에로자이저
09274,자라 간
09275,드림 피스
09276,쉐도우 스톤
09277,그레이 펑거스
09278,싸늘한 투구
09279,우울액
09280,날카로운 스토커의 팔
09281,에너지 스파이더의 다리
09282,검은 포자
09283,칠흑의 포자
09284,악귀의 검은손톱
09285,영액
09286,이그저스터 텐타클
09287,루비 조각
09288,사파이어 조각
09289,아쿠아마린 조각
09290,토파즈 조각
09291,블루 다이아몬드의 조각
09292,늪 엑기스
09293,데스 시드
09294,데스 레터
09295,금창
09296,악어 혀 구이
09297,럭셔리 방패
09298,플레임 보우
09299,아이스 보우
09300,카마이타치 보우
09301,스톤 보우
09302,블레스트 스피어
09303,알차 정식세트 A
09304,알차 정식세트 B
09305,후졌다맨 복장(청)
09306,굴 파우더
09307,크레이지 독식칼
09308,폭탄 다트
09309,번개맞은 각목
09310,싹부쳐ZZ
09311,팥죽 머쉬룸면
09312,엘리멘트 메탈
09313,승리의 깃발 조각
09314,경이의 메달
09315,전자 드릴
09316,페리도트 조각
09317,가간츄아 6면 주사위
09318,오팔 조각
09319,터키석 조각
09320,에메랄드 조각
09321,아메시스트 조각
09322,실버 체인
09323,독장판
09324,뼈다귀 도미노 세트
09325,핑크 줄무늬 천
09326,하늘색 줄무늬 천
09327,화강 액스
09328,이누미미
09329,강철괴
09330,아이언 실드
09331,에인션트 이어링
09332,본 마스크
09333,엘븐 스미스 해머
09334,리본달린 하얀 팬티
09335,포레스트 윈드
09336,젬스톤 쿠폰
09337,스틸 소드
09338,핑크 프릴
09339,퀵 실버 브레스렛
09340,라이플 매터리얼
09341,잡합금판
09342,고급 노략물품
09343,실버 마이닝 코인
09344,금괴
09345,렘버늄괴
09346,청은괴
09347,미스릴괴
09348,블러드 메탈
09349,오닉스
09350,로즈 쿼츠
09351,시트린
09352,문스톤
09353,말라카이트
09354,스피넬
09355,지르콘
09356,서펜타인
09357,파이로프
09358,라피스라즐리
09359,공포의 턱주가리
09360,매지컬 철판
09361,고급 향목
09362,은파이프
09363,문라이트 대거
09364,실버 코팅 타일
09365,카오스 타일
09366,퀵 휩
09367,돌바가지 투석기
09368,이글 픽
09369,에너지 배터리
09370,라이트닝 봄버
09371,마그네틱 봄
09372,티어 젬
09373,핑크 롱부츠
09374,털실 목도리
09375,에어 필터
09376,꽃무늬 껍질
09377,식인꽃 이빨
09378,쿵따닥 껍질
09379,오염된 겔
09380,촉수 힘줄
09381,빈 교과서
09382,고급 만년필
09383,지식인의 반지
09384,고져스 비키니
09385,해빙제
09386,털잠바
09387,스피릿 소드의 주문서
09388,지저스 고추
09389,천연고무망치
09390,롹 음악 CD
09391,하이퍼 가스
09392,퀵 크로우
09393,번영의 샴페인
09394,수학액
09395,은액
09396,실버 핸드건 매터리얼
09397,울트라 고무줄
09398,나뭇잎 팬티
09399,만년한은
09400,메모리얼 아뮬렛
09401,원기왕성 드링크
09402,악마의 가면
09403,금액
09404,30000mm 나사
09405,치즈
09406,공구 상자
09407,가스 스톤
09408,흡수의 혀
09409,은탄환
09410,백금 열쇠
09411,컨닝 칩
09412,슬리퍼
09413,벙어리 장갑
09414,실크 리본
09415,암갈색 가지
09416,스쿠미즈(백)
09417,옥 노리개
09418,날카로운 사자 발톱
09419,코뿔소 뿔
09420,얼룩 가죽
09421,구식 엽총
09422,물소 혀
09423,사자 이빨
09424,정제된 블랙 페어리 날개가루
09425,환절초 마취약
09426,용접기
09427,고목 부적
09428,별의 결정
09429,블랙 아이스 스파이크의 주문서
09430,킹 알사탕
09431,저주받은 덤블링 슈즈
09432,버터플라이 헤어밴드
09433,미스릴액
09434,사탕 헬름
09435,참치 설탕 눈알 졸임
09436,라줄 브레스렛
09437,개박살 폭죽
09438,샤프심 SVRZX
09439,청은액
09440,저주의 궤짝
09441,문 이어링
09442,샌드 글로브의 주문서
09443,고대의 고철덩어리
09444,툼 대거
09445,마법의 얼음결정
09446,얼음 이빨
09447,키메라 셀
09448,강철뿔
09449,파이널리티 베어링
09450,붉은 원시 부적
09451,루나틱 베어 가죽
09452,래빗 풋
09453,강력 위약
09454,광석 조각
09455,변이종유석 조각
09456,고블링 킹 드럼
09457,짱왕킹왕짱 낚시대
09458,그레이트 돌바가지
09459,미드나이트 매터리얼
09460,니게이트 매트릭스
09461,아주 긴 멍석
09462,괴악한 은상
09463,페어리 파우더
09464,불길한 천옷
09465,타락의 피
09466,검은 천 텐트
09467,미라클 파우더
09468,스틸 스케일 실드
09469,침착함의 스카프
09470,죠스 크라운
09471,저질 상아
09472,핑크빛 머리털
09473,전갈독
09474,수정 껍질
09475,폐허의 가루
09476,모래 비늘 가죽
09477,자이언트 매직팬티
09478,룬무늬 껍질
09479,두꺼운 위장조각
09480,죄의 증거
09481,벌의 증거
09482,오래된 굵은 가지
09483,칼날 나뭇잎
09484,대형 이끼
09485,강력 덩굴
09486,꿈틀대는 덩굴
09487,하급 시어의 검
09488,하급 시어의 지팡이
09489,검은 독주머니
09490,부패각질
09491,연검의 조각
09492,철 장작
09493,장착 강철 손톱
09494,이끼 낀 지팡이
09495,검은 가지
09496,녹색 이빨
09497,그린 슈즈
09498,망상의 결정
09499,강철 테이프
09500,니들 슈팅 글로브
09501,티타늄 드라이버
09502,블래스터 박스
09503,녹색 암석
09504,압축폭발 촉매제
09505,짜릿한 재
09506,떡밥 믹스
09507,육옥
09508,아주 매우 생강
09509,보석전구 헬멧
09510,청은 본드
09511,야릇한 팔찌
09512,부옥
09513,강철 껍질
09514,금발 가발
09515,형광 엑토플라즘
09516,거친 가죽
09517,모순된자의 심장
09518,모순된 자의 피
09519,거짓의 혀
09520,왜곡된 살덩이
09521,반쪽 뇌
09522,언리얼리티 파트
09523,시류의 바람개비
09524,검붉은 가죽
09525,검푸른 가죽
09526,망각의 가루
09527,번뜩이는 발톱
09528,율법의 페이지
09529,살아있는 연기
09530,순수의 의복
09531,바디 피스
09532,마인드 피스
09533,시간의 잔해
09534,시간의 작은 바늘
09535,스티로폼
09536,마나 스톤
09537,실리콘 덩어리
09538,원령석
09539,백광암
09540,메이어의 붉은 수정
09541,테이롤의 푸른 수정
09542,루틸
09543,알콜 젬
09544,자갈 에센스
09545,진흙 에센스
09546,쉐도우 오닉스의 조각
09547,크림슨 로즈 쿼츠의 조각
09548,샌드 시트린의 조각
09549,브라이트 문스톤의 조각
09550,포레스트 말라카이트의 조각
09551,핑키 스피넬의 조각
09552,스카이 지르콘의 조각
09553,미스틱 서펜타인의 조각
09554,버닝아이 파이로프의 조각
09555,나이트 라피스라즐리의 조각
09556,진한 수액
09557,송이버섯
09558,감초
09559,달달한 씨앗
09560,거미줄
09561,튤립
09562,유황온천수
09563,태흑두
09564,녹슨 금속 줄
09565,뒤틀린 석재
09566,요동치는 화석
09567,매끈한 고리
09568,즐거움의 가면
09569,토우 병사
09570,뿔팬티
09571,돌의 마법서
09572,명상의 터번
09573,금속 탐지의 완드
09574,검은 상자
09575,영혼의 피리
09576,치팅 글러브
09577,빛나는 폐기광석의 조각
09578,빛나는 폐기원석의 조각
09579,빛나는 폐가공물의 조각
09580,빛나는 복원실패물의 덩어리
09581,툭터져 감자
09582,형광탄력의 구슬
09583,참나무 피켈
09584,휠로폰
09585,보우 매터리얼
09586,스태프 매터리얼
09587,리버스 모터
09588,폴른 크리스탈
09589,마그네틱 해머
09590,형광 나이프
09591,정전기 발산 샤벨
09592,가공된 공록석
09593,후르츠 주스
09594,소드 매터리얼
09595,트랜지스트 콰츠
09596,춤바람의 구두
09597,레플리카 쌍검
09598,별자리사전
09599,블링블링 안경
09600,블링 점퍼
09601,비늘 칼날
09602,은실 아대
09603,지네 화석 허리띠
09604,골드 칩 블래스터
09605,실버 칩 판넬
09606,브론즈 칩 슈터
09607,왕호두
09608,스타 엔진
09609,브레스트 플레이트 매터리얼
09610,형광 실드
09611,감초차
09612,프로폴리사늄 괴
09613,섬광열매
09614,미소녀 신기루의 통
09615,미소년 신기루의 통
09616,스피어 매터리얼
09617,형광등
09618,발굽 슈즈
09619,후르츠 플레일
09620,호두 슈터의 주문서
09621,쪼개진 목걸이
09622,더러운 안장
09623,풍요의 씨앗
09624,현실의 톱니바퀴
09625,수습생의 지팡이
09626,박달나무 목검
09627,빈 일기장
09628,그저 그런 장검
09629,싸늘한 반석
09630,낡은 주판
09631,화력 나침반
09632,파채찍
09633,다이버 툴
09634,전화번호부
09635,우울우산
09636,해시계
09637,월석 조각
09638,블링크 포션
09639,맹렬의 휘장
09640,위협의 휘장
09641,해바라기
09642,라벤더
09643,왜곡의 마법서
09644,눈속임의 로브
09645,존재의 머플러
09646,빛나는 뼈
09647,고동치는 구슬
09648,청색 고리
09649,날카로운 닭부리
09650,낡은 머리띠
09651,빛나는 덩어리
09652,거친 등껍질
09653,붉은 머리카락
09654,고급 화강암
09655,루인 시드
09656,붉은 결정 가루
09657,푸른 결정 가루
09658,진주 조각
09659,질병의 붕대
09660,저주의 식칼
09661,신축성 가시
09662,차분한 정령의 정수
09663,온화한 정령의 정수
09664,불안한 정령의 정수
09665,난폭한 정령의 정수
09666,추악한 정령의 정수
09667,비어있는 정령의 씨앗
09668,죽은 정령의 돌
09669,불타는 흐물덩어리
09670,흐물거리는 덩어리
09671,찌릿거리는 흐물덩어리
09672,굳어가는 흐물덩어리
09673,실버 아이돌
09674,엘레멘탈 포이즌
09675,좌표연산 칩
09676,매직링크 싱글 케이블
09677,흑요석 거울
09678,어둠의 가루
09679,트위스티드 트위스티드 파츠
09680,기가도로셀
09681,레코드 크리스탈
09682,고급 지갑
09683,두꺼운 명주실
09684,블러드 샷
09685,3457번 레시피
09686,3462번 레시피
09687,무화과 타르트
09688,망사 팬티
09689,대리석벽
09690,아줄라 장신구
09691,적백 투톤 가발
09692,고속영창 주문서
09693,렌즈
09694,용분 비료
09695,독가루 떡밥
09696,6482번 레시피
09697,타이어 월
09698,성스러운 날개깃옷
09699,다크소드
09700,6492번 레시피
09701,풍요의 토양
09702,엘리멘트 링
09703,다크 엘리멘트 링
09704,6507번 레시피
09705,6508번 레시피
09706,6509번 레시피
09707,6510번 레시피
09708,레드 도그 로브
09709,125mm 나사 캐논
09710,할로윈 펌프킨
09711,3473번 레시피
09712,라니스의 성서
09713,연폭탄
09714,3493번 레시피
09715,디케이 좀비
09716,9412번 레시피
09717,12152번 레시피
09718,12155번 레시피
09719,에티엘릭 링
09720,랩터의 눈
09721,에너지 체인
09722,에테리얼 피닉스 언커
09723,노란 혀
09724,
09725,
09726,괴이한 가죽
09727,고급 동물 가죽
09728,
09729,하프 대거
09730,왕벌침
09731,
09732,
09733,
09734,
09735,
09736,100 년 묵은 물
09737,옛 지도
09738,석류석 구슬
09739,흡마석
09740,크리스탈 커터
09741,질투 유발 페로몬
09742,트리지카 조개
09743,원유
09744,무혹수 목재
09745,에그스톤
09746,1단
09747,1단
09748,1단
09749,1단
09750,매우 무거운 하프
09751,
09752,
09753,
09754,3545번 레시피
09755,
09756,신록의 점토
09757,3548번 레시피
09758,
09759,
09760,3563번 레시피
09761,
09762,
09763,트윈 스피어
09764,아이스 블레이드
09765,
09766,
09767,6570번 레시피
09768,붉은꽃의 영석
09769,
09770,
09771,
09772,
09773,6581번 레시피
09774,
09775,
09776,
09777,
09778,
09779,
09780,
09781,악마의 소굴지도
09782,
09783,
09784,
09785,
09786,
09787,
09788,
09789,
09790,
09791,
09792,
09793,
09794,
09795,
09796,
09797,초소형 녹음기
09798,수수께끼의 알
09799,식인식물의 씨앗
09800,빙혼화
09801,낡은 비석
09802,현기증나는 간판
09803,컨트롤 센서
09804,
09805,마수의 혈액
12001,무지개 피
12002,나노 제너레이터
12003,옆집 누나의 속옷
12004,수사 무녀복
12005,폐인의 증표(은)
12006,페어리의 머리
12007,커먼 골렘 코어
12008,언데드 페어리의 머리
12009,카오스 소드
12010,머메이드 브래이지어
12011,머리의 머리
12012,은장도
12013,옆집 여동생의 속옷
12014,기계 구슬
12015,고대 미분서
12016,사이클롭스의 눈알
12017,좀비 비소녀 웨이트리스복
12018,고대 적분서
12019,마의 거미줄
12020,바이오닉 철판
12021,쿠소 에센스
12022,사이판 관광 상품권
12023,빵집 아가씨의 제복
12024,폐묘 바이러스
12025,섹시 에센스
12026,드래곤 스케일
12027,뇌살의 고블린 수영복
12028,미믹의 핵
12029,오우거 로드의 관
12030,고통 에센스
12031,쥬엘드 프린세스 크라운
12032,국어 에센스
12033,수학 에센스
12034,오년살이의 다리
12035,사자의 서(사본)
12036,분노 에센스
12037,십년살이의 다리
12038,글래머 코어
12039,유니콘의 뿔
12040,오우거 누드 사진집
12041,금제 6면 주사위
12042,금제 10면 주사위
12043,금제 4면 주사위
12044,만능 위조 학생증
12045,여자 소학생 교복
12046,여자 중학생 교복
12047,츄의 탈
12048,버스트 프레임
12049,소울 석커
12050,페어리 헤드 샌드위치
12051,사일런트 가디안
12052,팬더 코스튬
12053,그리폰 크로우
12054,사신용 빔 낫
12055,눈알닌겐의 눈알 통조림
12056,마인의 발톱
12057,유니콘뿔 머드팩
12058,투명 뼈다귀
12059,눈알당고 세트
12060,울트라 촌지
12061,언밸런스 코디세트
12062,프리즈 하푼
12063,중학생 스쿨 수영복
12064,코어 제너레이터
12065,투명피 담긴 바께쓰
12066,로리 빔포
12067,여자 소학생 도촬 사진
12068,롹커가 되는 21 가지 방법
12069,얼굴 지우는 지우개
12070,화사 무녀복
12071,왕나사 미사일
12072,엘레멘탈 개미다리 채찍
12073,무지개 뼈다귀 몽둥이
12074,빽클 단검
12075,무라사메의 손잡이
12076,극락의 빵 제조 레시피 조각1
12077,황금 도끼날
12078,너덜한 호랑이가죽 팬티
12079,초전도 할버드 날
12080,화장 비전서
12081,빙장 비전서
12082,뇌장 비전서
12083,독장 비전서
12084,스톰 나이프
12085,초 괴상한 빵
12086,산타 모자
12087,피어 본
12088,더블 엔젤 하이로우
12089,더블 블랙 엔젤 하이로우
12090,고대의 경전 part-5
12091,홀리 코티드 스케일 메일
12092,다크니스 메일
12093,인조 수족
12094,매지션 스태프
12095,좌절의 사도 피규어
12096,작열의 석장
12097,동빙의 석장
12098,뇌명의 석장
12099,독곡의 석장
12100,벼락 정령의 투구
12101,스피릿 에센스
12102,네코미미 코스튬
12103,베어즈 크러셔
12104,홀리 체이서
12105,엑우스
12106,죽엽청주
12107,단명의 구슬
12108,워터 프레셔의 주문서
12109,크레이지 클라우드의 마법서
12110,다이아 바가지
12111,로리 여성 돌피 몸통
12112,여성 돌피 몸통(완전판)
12113,쇼타 남성 돌피 몸통
12114,사랑의 에센스
12115,사랑의 매
12116,뷰티 프린세스 크라운
12117,인술 근폭박살술의 두루마리
12118,인술 진천소뢰술의 두루마리
12119,눈알 폭탄
12120,올마이티 나사
12121,뷰티풀 고블링 코스튬
12122,미믹의 핵
12123,투명한 수리검
12124,때탄 은가락지
12125,미스 좀비 진의 관
12126,투헤드 라이온의 꼬리
12127,땀에 절은 셔츠
12128,매드 치킨 킹의 부리
12129,문즈 바이블
12130,구름 에센스
12131,태양 에센스
12132,달 에센스
12133,비닐 슈츠
12134,원념칩
12135,오니의 눈
12136,하이 볼펜 볼V
12137,츄의 뇌
12138,불타는 심장
12139,네거티브 에너지 에센스
12140,파이터의 벨트
12141,버서커의 벨트
12142,챔피언의 벨트
12143,저주의 피리
12144,파멸의 턱
12145,파란 뇌
12146,빨간 뇌
12147,라바 오브
12148,봉인된 디스트럭트 액스
12149,봉인된 디스트럭트 소드
12150,카타스트로픽 해머 피스
12151,위압의 뿔
12152,사이킥 앰프
12153,특등급 염소 소주
12154,어깨의 어깨
12155,절장액
12156,양파 에센스
12157,근육 요정 슈츠
12158,클라우드 스태프
12159,문 레이 핸드건
12160,빽클노트
12161,잔디 요정의 팬티
12162,리젠도
12163,지지 카드
12164,팔랑 더듬이
12165,행운의 박씨
12166,양털 리젠트
12167,하이로우 부메랑
12168,성령의 수리검
12169,다크니스 하푼
12170,절장침 황제몽뎅이
12171,블러디드 소드
12172,라지 혼 실드
12173,츄뇌쥬스
12174,다이아 팬티
12175,다크웹로브
12176,아이 아뮬렛
12177,나노 쉬프터
12178,여자 중학생 하복
12179,크림슨 리본
12180,아스트랄 아머
12181,뿔
12182,오타쿠 리모콘
12183,대해괴수의 폐
12184,전기가 흐르는 뿔
12185,지저괴수의 눈
12186,지상 거대괴수의 뼈
12187,안습 에센스
12188,거익괴수의 뿔
12189,초고급 붓
12190,고분자 실
12191,그을린 금가락지
12192,돌연변이의 피
12193,악어 가죽
12194,폐기물 엑기스
12195,고장난 IC 회로
12196,초강력 독극물
12197,드림 젬스톤
12198,그림자 손
12199,다크니스 스톤
12200,악령의 눈
12201,미드나이트 젬스톤
12202,흐릿한 검
12203,일식 에센스
12204,다이아 창
12205,스웜프 아머
12206,방사능 보호로브
12207,IC회로
12208,행운의 십자가
12209,안습 피규어
12210,컨스트럭트 건
12211,자라 간 쥬스
12212,컴포짓 보우
12213,애시드 너클
12214,화이트 샤인
12215,익스퍼트 마법서
12216,리본 소학생 교복
12217,사령의 서
12218,블랙 쉘 메일
12219,크리스탈 아이
12220,냉각액
12221,더스튬 괴
12222,스페이스리움
12223,줄무늬 네코미미
12224,무한단물
12225,극락의 빵 제조 레시피 조각2
12226,줄무늬 양말
12227,극락의 빵 제조 레시피 조각3
12228,극락의 빵 제조 레시피 조각4
12229,승리의 깃발
12230,알차 폭식세트
12231,투명 팬티
12232,핑크 프릴 팬티
12233,다마스커스괴
12234,딥 나이트 이어링
12235,화철괴
12236,수철괴
12237,풍철괴
12238,지철괴
12239,더스트 서클릿
12240,퓨어 멜팅 파우더
12241,핑크 스트레이프 팬티
12242,하늘색 스트레이프 팬티
12243,실버 핀
12244,스틸 헬름
12245,인생의 쓴맛
12246,행복의 팔찌
12247,알렉산드라이트 조각
12248,독수리 날개
12249,로얄 젤리
12250,루나리움
12251,흑철괴
12252,네뷸라 목
12253,화약암
12254,블루 슬래셔
12255,금파이프
12256,빅 핸드 크러셔
12257,고급 칼손잡이
12258,겔겔 빔 캐논
12259,돌피 크러셔
12260,스페이스 타일
12261,퀵클링의 피
12262,그녀의 미소
12263,인의 두루마리
12264,그녀의 새침
12265,핑크 프릴 브래이지어
12266,최면 기관
12267,네이쳐 파우더
12268,반 영체 고양이 꼬리
12269,수수께끼의 두개골
12270,기생충 세포
12271,매직 에센스
12272,녹슨 원반 조각1
12273,녹슨 원반 조각2
12274,녹슨 원반 조각3
12275,저주받은 겔
12276,덴타클 아뮬렛
12277,오염된 수호자의 영혼
12278,전자 백과사전
12279,고대 국어사전
12280,귀신의 옷
12281,드레인 링
12282,스톰 폴의 주문서
12283,고추 화염 방사기
12284,강화고무망치
12285,토마호크 부메랑
12286,축하연설사전
12287,스피릿 그레이트 소드의 주문서
12288,스피릿 레드 소드의 주문서
12289,스피릿 블루 소드의 주문서
12290,스피릿 그린 소드의 주문서
12291,스피릿 브라운 소드의 주문서
12292,헬 블로섬
12293,문스톤 필터
12294,서펜타인 필터
12295,라이트닝 판넬
12296,핑크 아뮬렛
12297,멜트 스프레이
12298,말라카이트 필터
12299,오닉스 필터
12300,옆집 누나의 머리묶음
12301,금(박)검
12302,오우거 프릴 비키니
12303,노 파이어 판넬
12304,할렐루야 판넬
12305,은 배
12306,바이오 센서-Z01
12307,재섭는 음반
12308,구 시대의 장난감(동)
12309,구 시대의 장난감(은)
12310,플래티넘 발칸
12311,리본 헤어밴드
12312,투시안경
12313,풍경
12314,블랙 쉴드
12315,엠페러 데스트럭터의 부러진 칼날
12316,프리즘 네클리스
12317,흑거미줄
12318,퓨어 메이드복
12319,가젤의 간
12320,흰사자 갈기
12321,부서진 바이크
12322,구식 망원경
12323,고압축 크레이그 가스
12324,홀리 박스
12325,파이어리 파우더의 마법서
12326,과학 에센스
12327,얼룩 드레스
12328,산들바람의 가루
12329,스피릿 크리스탈
12330,킹 캔디 캐논
12331,젬 숄더
12332,칠흑의 가루
12333,환영즙
12334,오염촉매제
12335,데몬 스파이크의 주문서
12336,영어 에센스
12337,금탄환
12338,데몬 숄더
12339,샤프심DXSVRZX
12340,파이어리 아이스의 주문서
12341,골드 크리스탈
12342,빙골
12343,차가운 반지
12344,툼 실드
12345,빙백의 비단
12346,모듈 칩 시리즈 α
12347,모듈 칩 시리즈 β
12348,소형 반중력 엔진
12349,모듈 칩 시리즈 δ
12350,빔 요격 장치
12351,절벽 독수리의 눈
12352,가시달린 가죽
12353,광기의 혈액
12354,잔인 에센스
12355,견고한 어깨보호대
12356,고급 피빛 비늘
12357,블러드 윙의 깃털
12358,고대인의 피
12359,강쇄의 이빨
12360,흉포한 이빨
12361,자이언트 돌바가지
12362,욕나오게 아주 긴 멍석
12363,근육 폭탄 인간
12364,고블린 배틀 드럼
12365,매터리얼 링
12366,실드 오브 그레이터 카오스
12367,빙염의 결정
12368,재복의 옥상
12369,Ex 토이
12370,오리할콘 미사일
12371,아다만튬 링
12372,파이어 매터리얼 큐브
12373,데빌 아이 핀
12374,오리할콘 비늘 갑옷
12375,어스 매터리얼 큐브
12376,그레이 매터리얼 큐브
12377,윈드 매터리얼 큐브
12378,롹 전자렌지
12379,마인드 매터리얼 큐브
12380,부정의 갑옷
12381,아스트랄 매터리얼 큐브
12382,워터 매터리얼 큐브
12383,풍사 무녀복
12384,지사 무녀복
12385,고귀함의 티아라
12386,여우 꼬리
12387,검은 전갈 꼬리
12388,푸른 전갈독
12389,낙타흑즙
12390,칼날 지느러미
12391,두꺼운 모래 비늘 가죽
12392,휴대용 우상
12393,견고한 등껍질
12394,치명적인 모래
12395,신록의 인장
12396,맹독 뼈다귀
12397,맹독처리용 장갑
12398,이중수리검
12399,꽃 반지
12400,돌연변이 이끼
12401,드루이드 링
12402,고대의 서적
12403,촉수침식세포체
12404,와이번의 긴 발톱
12405,부패 위장
12406,대지의 영액
12407,고고한 드레스
12408,우아한 드레스
12409,이블 대거
12410,철 뿌리
12411,영매수
12412,휴대용 비상기구
12413,징그러운 뿌리털
12414,형광 이끼
12415,인간 낚시대
12416,붉은실 뭉치
12417,푸른실 뭉치
12418,검은 비수
12419,민들레 향수
12420,코스모스 향수
12421,장미 향수
12422,화령의 향수
12423,녹색 금
12424,위엄의 가죽
12425,원초적 그것의 그것의 그것
12426,베릴라이트 괴
12427,네이쳐스 킬러 반지
12428,원죄의 증거
12429,절단의 나뭇잎
12430,아다만튬 테이프
12431,엘리멘트 드라이버
12432,그린 크리스탈 타블렛
12433,빛나는 엑토플라즘
12434,맹독 사골탕면
12435,죄의 강철수갑
12436,벌의 강철수갑
12437,"연검 소재, 124번 레시피"
12438,고밀도폭발 촉매제
12439,스텔스 스케일
12440,이끼 샐러드
12441,상아 반죽
12442,미트 캐터펄트
12443,검은 나뭇잎 팬티
12444,오래된 투구
12445,피어싱 스킨
12446,원초액
12447,지저목
12448,검붉은 포자
12449,위엄의 발굽
12450,뒤집힌 요정의 몸
12451,드래곤 스킨
12452,왜곡된 의복
12453,아름다운 무늬의 가죽
12454,시류의 가루
12455,뒤틀린 시류의 가루
12456,하얀 부리
12457,빛나는 창
12458,순수의 드레스
12459,태고의 수염
12460,언리얼리티 크리스탈
12461,하프 셀
12462,고아원 앨범
12463,타임 슬리퍼
12464,깨달음의 구슬
12465,악보 조각
12466,녹주옥 팔찌
12467,블링 헤어핀
12468,백설의 산타복
12469,흑설의 산타복
12470,백설의 산타모
12471,흑설의 산타모
12472,금암염
12473,투경석
12474,정제된 황
12475,고체 수소 결정
12476,플루오라이트
12477,아라고나이트
12478,바이오 젬스톤
12479,스파크 젬스톤
12480,모래 수정
12481,눈속임의 보석
12482,통증의 구슬
12483,굴절의 구슬
12484,썬샤인 루비의 조각
12485,스웜프 토파즈의 조각
12486,스노우 사파이어의 조각
12487,드리머 에메랄드의 조각
12488,글룸 아메시스트의 조각
12489,와이즈 페리도트의 조각
12490,시어링 오팔의 조각
12491,오션 아쿠아마린의 조각
12492,심연의 터키석의 조각
12493,스타 티어 다이아몬드의 조각
12494,쭈그러든 산삼
12495,비룡의 뼈
12496,정령의 씨앗
12497,재앙의 토양
12498,산성과
12499,검은안개꽃
12500,타락의 독액
12501,부유의 터번
12502,환영읜 완드 손잡이
12503,환영의 완드 머리부분
12504,환영의 완드
12505,오래된 탁본
12506,제례용 단도
12507,보석박힌 술잔
12508,검은 불꽃의 알
12509,잊혀진 왕국의 포크
12510,잊혀진 왕국의 나이프
12511,잊혀진 왕국의 접시
12512,잊혀진 왕국의 식기세트
12513,과거를 비추는 거울
12514,비명지르는 조각상
12515,조각상 몽둥이 머리부분
12516,조각상 몽둥이 손잡이 부분
12517,나체조각상 몽둥이
12518,보조 연산 칩
12519,빛나는 폐기광석의 덩어리
12520,빛나는 폐기원석의 덩어리
12521,빛나는 폐가공물의 덩어리
12522,빛나는 복원실패물의 덩어리
12523,회합의 보라빛 수정
12524,짜릿한 껍질
12525,승령석
12526,형광 가발
12527,홀라당간데이262
12528,은빛 불꽃의 알
12529,페어리 헤드 육편
12530,뒤틀린 투석기
12531,모순의 혈약
12532,금속 덩굴
12533,민들레 엑기스
12534,기능성 뽕브라
12535,레플리카 대검
12536,마법의 육분의
12537,백동괴
12538,럭키 칩 참
12539,공룡의 화석
12540,점자 마술서
12541,수정 칼날
12542,칼날 건틀렛
12543,에리메스 핸드백
12544,철호두
12545,아크 리치의 로브
12546,비늘검
12547,여우 꼬리 장식
12548,치즈 오브
12549,풀 플레이트 매터리얼
12550,타워 실드 매터리얼
12551,호두까기 인형
12552,실리콘 아머
12553,하이 아머 매터리얼
12554,블러디 실드
12555,후르츠 네클리스
12556,미트 플레이트 아머
12557,우사미미
12558,블루 리플렉터의 주문서
12559,실크 튤립 클락
12560,하프 아머
12561,실버 콰츠
12562,불렌타인 21년산
12563,골드 콰츠
12564,사시미칼
12565,스틸 아머
12566,팅클 라이트의 주문서
12567,매직 글래스
12568,증기기관 신발
12569,독려의 채찍
12570,고위전사의 코걸이
12571,수호몽크의 후드
12572,항련패
12573,니르케스의 머리띠
12574,패혈독의 화살
12575,거짓예언자의 예언서
12576,비일상의 파편
12577,세계견문록
12578,납으로 만든 메달 조각
12579,모험자 길드원 증명서
12580,풍화된 보물
12581,소녀의 오르골
12582,전혼의 구슬
12583,망상초
12584,맹세의 잔
12585,인골벽의 조각
12586,시간의 뒷면을 보는 안경
12587,원더링 파우치
12588,상처받은 우정의 갑옷
12589,포레스트워커의 활
12590,맹전사의 투구
12591,청설화 화관
12592,그림자의 아이들 인장
12593,열기복
12594,엘리트 농부의 인장
12595,스쿠미즈(청)
12596,스타일리쉬 우비
12597,바이올렛 스카프
12598,썬라이트 판넬
12599,조수 측정기
12600,스타 워칭 글래스
12601,호랑이 가죽 팬티
12602,용비늘 브래이지어
12603,디지 레이의 주문서
12604,엑셀러레이팅 와치
12605,플레인 링커
12606,월옥석
12607,정기의 결정체
12608,서늘한 기운의 망토
12609,글리프 오브 썬더
12610,푸른 소뿔
12611,버그베어 주둥이
12612,부유 덩어리
12613,날카로운 덩굴
12614,강인한 근육
12615,변이성 피부
12616,악취나는 팬티
12617,흡혈송곳니
12618,다크 블러드
12619,혹성의 가루
12620,라이트 스톤
12621,격화암
12622,위수암
12623,요뇌암
12624,이독암
12625,눈알 덩어리
12626,마력의 재
12627,정신액
12628,고급 대리석
12629,사령의 두개골
12630,매지컬 체인
12631,악의의 붕대
12632,고요 에센스
12633,정적 에센스
12634,소음 에센스
12635,불협 에센스
12636,정령력의 덩어리
12637,진정의 가죽
12638,엘리메르 배터리
12639,크리스탈 그라인더
12640,칠흑의 문신
12641,강화 스티로폼
12642,
12643,테라도로셀
12644,크로니클 크리스탈
12645,
12646,두꺼운명주실1단
12647,미백 티셔츠
12648,3454번 레시피
12649,3467번 레시피
12650,3484번 레시피
12651,3485번 레시피
12652,3486번 레시피
12653,눈알 버블티
12654,마블 실드
12655,난폭한 덩굴
12656,3498번 레시피
12657,거짓의 주판
12658,3473번 레시피
12659,비비드 네클리스
12660,
12661,
12662,6504번 레시피
12663,적광의 랜턴
12664,청광의 랜턴
12665,블랙 블레이드
12666,청안의 안경
12667,적안의 안경
12668,화이트 호크 픽
12669,하이 엘리멘트 링
12670,하이 블랙 엘리멘트 링
12671,6521번 레시피
12672,
12673,
12674,전령의 모자
12675,액모패치
12676,촉수 공성기
12677,9379번 레시피
12678,광익의 갑주
12679,15083번 레시피
12680,개가죽 점퍼
12681,쎈쥐옷
12682,혼합액
12683,흐릿
12684,날카로운 검은 이빨
12685,
12686,
12687,혼심환
12688,
12689,그로테스크 아이
12690,
12691,
12692,반짝이는 곤충 날개
12693,
12694,다크투스 보병패
12695,
12696,
12697,
12698,
12699,
12700,
12701,붉은 줄무늬 가죽
12702,
12703,기계 꾸러미
12704,
12705,
12706,
12707,앤티크 토이박스
12708,투마의 거울
12709,분노 배터리
12710,정신융합코일
12711,감춰왔던 소중한 주머니
12712,악령의 고서
12713,요목 서판
12714,레어 아이언
12715,잃어버린 날개깃
12716,정령의 상
12717,더 젬 오브 젬
12718,1단
12719,1단
12720,
12721,휘발유
12722,
12723,3549번 레시피
12724,
12725,
12726,
12727,
12728,
12729,
12730,켈빈 블레이드
12731,
12732,
12733,
12734,
12735,6586번 레시피
12736,
12737,
12738,
12739,
12740,
12741,녹령석
12742,
12743,
12744,
12745,9439번 레시피
12746,
12747,
12748,9449번 레시피
12749,
12750,
12751,
12752,
12753,
12754,
12755,
12756,
12757,
12758,
12759,
12760,
12761,
12762,
12763,
12764,
12765,
12766,
12767,
12768,
12769,
12770,
12771,
12772,
12773,
12774,
12775,
12776,
12777,
12778,
12779,탐구인의 코뚜레
12780,학자의 망토
12781,식인식물의 페로몬액
12782,기묘한 주머니
12783,뭔가 이상한 벽돌
12784,글리프 오브 헤이트
12785,글리프 오브 디스트럭트
12786,배터리 벨트
12787,실바람의 가루
12788,보라 달빛의 상자
12789,컨트롤 유닛
12790,몽견분
15001,룬의 서
15002,악마의 지식
15003,정체불명의 서
15004,폐인의 증표(금)
15005,전자마법서
15006,카오스 오브의 조각
15007,태양폐인 훈장
15008,비홀더의 왕눈알
15009,겔겔겔겔의 겔겔겔겔
15010,블러드 매니퓰레이터
15011,언커먼 골렘 코어
15012,고스트 옆집 여동생의 속옷
15013,백년살이의 다리
15014,다이아몬드
15015,바니걸 복장
15016,정령옥
15017,쿠소학 개론
15018,페어리 헤드 쥬스
15019,메이드 아가씨의 브래이지어
15020,로리돌피머리#1
15021,갓댐건
15022,블리자드 하푼
15023,레인보우 크로우
15024,금제기념 트로피
15025,루돌프사슴의 코
15026,산타복
15027,드레드본
15028,진짜 천사복
15029,진짜 검은 천사복
15030,엘리멘타리 인포서
15031,양염의 무녀복
15032,백설의 무녀복
15033,염룡검
15034,금단의 고대 경전
15035,웨이트리스 코스튬
15036,쇼타 빔 캐논
15037,천년살이의 다리
15038,브레인쇼크의 마법서
15039,로리돌피몸통(완성판)
15040,쇼타돌피몸통(완성판)
15041,에로 에센스
15042,백색 단발 쇼타 돌피인형
15043,돌피용 여자 소학생 교복
15044,돌피용 네코미미 코스튬
15045,수사 여자 중학생 교복
15046,잡탕 엑기스
15047,비키니 무녀복
15048,폴른 엔젤 프로텍터
15049,무지개 옷
15050,카멜레온 철판
15051,미소녀 좀비 코스튬
15052,108번뇌의 경전
15053,드래곤의 심장
15054,나노테크 CPU
15055,갓스 호미
15056,갓스 낚시대
15057,갓스 곡괭이
15058,소드 오브 그레이터 카오스
15059,네거티브 아이
15060,그것의 그것의 그것의 그것
15061,흑룡의 뿔
15062,안드로이드 미소녀 웨이트리스의 머리
15063,리빙 룬
15064,은령
15065,에인션트 유니콘의 뿔
15066,소울 오브
15067,보우 엠블렘
15068,액스 엠블렘
15069,소드 엠블렘
15070,해머 엠블렘
15071,치프의 벨트
15072,지옥불의 심장
15073,헬스톤
15074,죽음의 피리
15075,쉬프트 제너레이터
15076,아스트랄 암
15077,글리프 오브 카타스트로피
15078,슈로딩의 박스
15079,플레임 스크롤
15080,아이시 스크롤
15081,라이트닝 스크롤
15082,포이즌 스크롤
15083,마인드 스크롤
15084,아스트랄 스크롤
15085,하트 오브 스네이크
15086,정체 투명한 조각3
15087,환생한 옆집 여동생의 속옷
15088,어비셜 블레이드
15089,메모리 메탈 오브
15090,무지개 뇌
15091,잔디 에센스
15092,군!의 큐브
15093,미남 페이스
15094,핫 만드라고라
15095,드라군 큐브
15096,최음제
15097,벽광의 수리검
15098,헬파이어 하푼
15099,글리프 오브 카오스
15100,웨더 오브
15101,코드 버스터
15102,데모닉 메탈
15103,드래곤 스케일 로브
15104,페인 이레이져
15105,엘리멘타리 애로우
15106,벨트 오브 스트렝스
15107,사대정령의 보석
15108,뱃사람의 뼈
15109,부스트 더스트
15110,비홀더 아이 네클리스
15111,마스터 위조카드
15112,데스 헬름
15113,빔 코어
15114,불타는 마음
15115,냉정한 마음
15116,정의의 마음
15117,분노의 마음
15118,스타 로드
15119,우주괴수의 보석
15120,스톰 완드
15121,다주겨 해머
15122,무릎의 무릎
15123,가비지 마그넷
15124,오염 에센스
15125,보밋 에센스
15126,일반
15127,자라 알맹이
15128,스토킹 자석
15129,매지컬 코어
15130,사일런트 아이
15131,글루미 젬스톤
15132,포세이크 스톤
15133,쉐도우 젬스톤
15134,블랙 펑거스
15135,블라이트 클로스
15136,드림 오브
15137,쉐도우 자이언트의 머리
15138,악귀의 눈
15139,흐릿한 갑옷
15140,쉐도우 텐타클
15141,어토믹 배터리
15142,루비
15143,사파이어
15144,아쿠아마린
15145,토파즈
15146,풀파워 에로자이저
15147,잔인한 마음
15148,뮤턴트 퍼퓸
15149,블랙 오리할콘
15150,6166번 레시피
15151,스콜피온 PX-08
15152,복종의 뿔피리
15153,뮤턴트 드링크
15154,血扇
15155,스토커 블레이드
15156,블레이징 썬
15157,룬의 마법서
15158,특촬 슈츠
15159,프라이멀 시드
15160,얼어붙은 심장
15161,정체 불명의 마법서
15162,6181번 레시피
15163,사파이어 실버링
15164,삐리리 삐삐리리 3등
15165,나노 트랜스폼 모듈
15166,렐릭시움
15167,실버펜타클
15168,섹시의 기원 Part-2
15169,지존의 메달
15170,섹시의 기원 Part-1
15171,초 합금판
15172,용골
15173,섹시의 기원 Part-3
15174,페리도트
15175,블루 다이아몬드
15176,오팔
15177,터키석
15178,에메랄드
15179,아메시스트
15180,알렉산드라이트
15181,하늘색 스트레이프 삭스
15182,다마스커스 아머
15183,이어링 오브 데모니악
15184,파이어 그리브
15185,워터 그리브
15186,윈드 그리브
15187,라이트닝 이펙터
15188,극락의 빵 레시피
15189,어스 그리브
15190,정령철괴
15191,이누미미 코스튬
15192,체인 마인
15193,알파레이 라이플
15194,베리 로얄 젤리
15195,고급 행상품
15196,골드 마이닝 코인
15197,인섹트 스톤
15198,어스 브레이커
15199,머리 폭탄
15200,어토믹 프로토타입 블래스트
15201,블랙 모운
15202,크리스탈 스컬
15203,인의 두루마리
15204,악령의 망토
15205,플라스틱카드 - D3
15206,칼벌레 몸통
15207,라이프 오브
15208,블랙 페어리의 머리
15209,블랙 유니콘의 뿔
15210,라일라우네 봉우리
15211,네라우네의 봉우리
15212,검은 드라이어드 눈
15213,타락한 수호자의 영혼
15214,지식의 두루마리
15215,엠피 트라이앵글
15216,지식의 써클렛
15217,벨벳 망토
15218,풍신의 무의
15219,아이스미러의 주문서
15220,녹슨 원반
15221,사이보그 강아지 mk-3
15222,신속화의 물약
15223,파티드레스
15224,그녀의 츤데레
15225,실버 선셋
15226,사이버 아뮬렛
15227,버서커의 혼
15228,아르케 에센스
15229,기계 큐브
15230,핸드 파일 벙커
15231,전자 욕설 사전
15232,인조 페어리
15233,오야지 빔포
15234,사탄의 토디 베어
15235,인조 살덩이
15236,위어윈드 VX-100
15237,크로듐괴
15238,카발라이트괴
15239,황금 사과
15240,핸드 파일 벙커
15241,미네랄 크리스탈
15242,퓨어 브론즈 아머
15243,실버박스 1등
15244,구 시대의 장난감 (금)
15245,골드박스 1등
15246,구 시대의 장난감 (백금)
15247,여성용 정장
15248,12040번 레시피
15249,타락의 깃털
15250,카이져 엠블렘
15251,반 영체 손톱
15252,황금 윷놀이 세트
15253,화려한 알록달록 가죽
15254,마그네틱 펄서
15255,닌자하마 가죽
15256,쌍코뿔소뿔
15257,고장난 개틀링
15258,우람한 소뿔
15259,밀렵지도
15260,고급 사자가죽
15261,블랙 우드
15262,반 영체 가죽
15263,플라즈마 리액터
15264,마그네틱 펄서
15265,불길한 가지
15266,우네의 씨앗
15267,메가 멜팅 파우더
15268,화보옥
15269,카타스트로픽 해머
15270,수보옥
15271,베이직 에센스
15272,6286번 레시피
15273,다이아 6면 주사위
15274,쉐도우 랜스
15275,합성
15276,츄의 뇌수
15277,뇌보옥
15278,스피리츄얼 툴
15279,샤프심 υ-V
15280,합성
15281,독보옥
15282,스컬로 러너
15283,합성
15284,합성
15285,플라즈믹 아이시 웹의 주문서
15286,스타 피어스
15287,팅클 스틱
15288,기타
15289,애시드 드링커의 가죽
15290,"대요괴견 ""염화"" 언커먼"
15291,빙핵
15292,추적자의 눈
15293,아이스 엘레멘트 시드
15294,아이스 소드
15295,툼 플레이트 메일
15296,그레이트 프로스트 웜 레어
15297,혹한의 정수
15298,고르곤 아이
15299,고분자 칼날
15300,강철 돌연변이의 심장
15301,메탈 드래곤의 심장
15302,모듈 칩 시리즈 τ
15303,레이져 실드
15304,혈비룡의 혀
15305,혈옥
15306,자이언트 배틀액스
15307,강력 촉수
15308,진홍 늑대 가죽
15309,킬러 크로우
15310,지우개 하우스
15311,원석 몽둥이
15312,광산
15313,광산
15314,광산
15315,거대한 이빨
15316,복합광석조각
15317,종유석의 핵
15318,디토네이팅 젬
15319,"112번 합성, 아마 돌바가지"
15320,페어리 머리 꼬치
15321,화령의 혼
15322,합성
15323,혈비룡 혀구이
15324,워터 프로텍션 링
15325,합성
15326,합성
15327,풍령의 혼
15328,합성
15329,월영석
15330,합성
15331,사이클롭스 눈알 렌즈
15332,뮤턴트 드래곤 스케일
15333,합성
15334,빙폭암
15335,지령의 혼
15336,합성
15337,베타 프로텍터 슈츠
15338,아스트랄 프로텍션 링
15339,δ 펄서 블래스터
15340,아다만튬 브레슬릿
15341,정적의 인장
15342,퓨어 페어리 파우더
15343,수령의 혼
15344,α 서쳐 고글
15345,파이어 프로텍션 링
15346,작열인
15347,상아
15348,레드아이 하이에나의 눈
15349,강인한 돌껍질 피부
15350,붉은 전갈 꼬리
15351,사막
15352,황폐의 가루
15353,볼텍스 코어
15354,직사안
15355,황금무늬 허물
15356,사막
15357,캐러밴 행상품
15358,자이언트 마법서
15359,강력한 대롱
15360,사막
15361,룬무늬 등껍질
15362,사막
15363,거대 맹독주머니
15364,용서받지 못한 자의 족쇄
15365,홍염의 갑주
15366,냉한의 갑주
15367,뇌전의 갑주
15368,부식의 갑주
15369,광채의 갑주
15370,암운의 갑주
15371,폭기의 갑주
15372,디케이 코어
15373,잊혀진 자의 인장
15374,맹독처리 비전서
15375,교활한자의 혀
15376,옛지식의 껍질
15377,초강력 칼날 나뭇잎
15378,맹독가루 주머니
15379,무딘 대검
15380,체인 블레이드
15381,배배꼬인 덩굴
15382,거대 가위
15383,썩은 검은뿌리
15384,그린 후드
15385,빙결태
15386,대지의 구슬
15387,부패분비기관
15388,연검류비전서
15389,데모노미콘의 페이지
15390,맹독태
15391,초혼안
15392,추적자의 혀
15393,망상자의 안경
15394,추격의 원반
15395,바일 루트 레어
15396,수수께끼의 기계부품
15397,사람낚는 어부 레어
15398,어부낚는 사람 레어
15399,개조 쟁반
15400,썩은 검은 가지
15401,뒤틀린 검은뿌리
15402,네이쳐 스톤
15403,그린 골드 가디언 레어
15404,맹독골수액
15405,칼날 꼬리
15406,상급 시어의 검
15407,상급 시어의 지팡이
15408,순결한 팬티
15409,순결한 훈도시
15410,신록수의 가죽
15411,신록의 녹금인장
15412,po기어wer
15413,흰색 가지
15414,흰색 뿌리
15415,고대의 가위
15416,고급 무녀복 소재
15417,연풍의 무녀복
15418,정결의 무녀복
15419,모스 아머
15420,모스 블레이드
15421,스페이스리움 테이프
15422,그레이트 머신 드라이버
15423,버단트 라이트의 주문서
15424,무지개 엑토플라즘
15425,터틀 실드
15426,팔방 수리검
15427,아이언 슈터
15428,녹색 오브
15429,"폭발성 촉매제 1단, 130번"
15430,
15431,그녀의 썩소
15432,칼날바람의 가루
15433,고급 무녀복
15434,6334번 레시피
15435,
15436,
15437,프리티 핑크 프릴 팬티
15438,질베릴괴
15439,드워븐 크리스
15440,부식 에센스
15441,천년 껍질
15442,메모리 오브
15443,트윈 니들 테일
15444,프라이멀 엑토플라즘
15445,다크 딥 펑거스
15446,뒤틀린 자의 팔
15447,반전 된 자의 머리
15448,존재할수 없는 자의 다리
15449,다중변종 세포
15450,뒤틀린 차원연결세포
15451,타임 페어리의 머리
15452,골창
15453,타임스크롤
15454,시공간섭의 날개
15455,리버스 골렘 코어
15456,굴절각질의 피부
15457,시간표류자의 뼈
15458,도약자의 뇌
15459,시류의 결정체
15460,과거의 파편
15461,현재의 파편
15462,미래의 파편
15463,플로우웜의 눈
15464,패러독스 크리스탈
15465,빛의 채찍
15466,천상의 마법서
15467,순백의 모피
15468,단죄의 망치
15469,요정룡의 뿔
15470,정신암
15471,홀리 가이더
15472,홀리 포인터
15473,광채의 근원
15474,깊은 곳의 악귀
15475,태고의 쌍둥이 골렘
15476,엘더 비틀 킹 스텐그로
15477,언리얼리티 게이트
15478,서틴 앤드 하프 좀비
15479,"흐긴왕 ""올드 블랙 조"""
15480,"우주 최강자(?) ""재이돌프 로제노"" "
15481,"모순된 모순자 ""붸흐훼흐"" "
15482,페이즈 드래곤
15483,타임 스파이럴 엘레멘탈
15484,"시간의 대요정 ""티라메스"""
15485,"시간 여행자 ""미레이라 틸렌타"" "
15486,육체의 집정관
15487,빛의 집정관
15488,어둠의 집정관
15489,그림자의 로브
15490,왜곡
15491,"171번, 스티로폼"
15492,오메가 도로셀
15493,크로니클 크리스탈 1단
15494,루비 산타복
15495,사파이어 산타복
15496,에메랄드 산타복
15497,토파즈 산타모
15498,루비 산타모
15499,사파이어 산타모
15500,에메랄드 산타모
15501,토파즈 산타모
15502,흡령석
15503,트라늄 괴
15504,흑혈석
15505,쉐도우 오닉스
15506,크림즌 로즈쿼츠
15507,샌드 시트린
15508,브라이트 문스톤
15509,포레스트 말라카이트
15510,핑키 스피넬
15511,스카이 지르콘
15512,미스틱 서펜타인
15513,버닝아이 파이로프
15514,나이트 라피스라즐리
15515,영지버섯
15516,영염의 초롱이
15517,시식화
15518,수정 딸기
15519,청극목
15520,전력수
15521,자국화
15522,사포목재
15523,마력수정 ic 칩
15524,파동발생기
15525,서모너 디바이스
15526,맹약의 반지의 조각 1
15527,맹약의 반지의 조각 2
15528,맹약의 반지의 조각 3
15529,맹약의 반지의 조각 4
15530,맹약의 반지 - 鬪
15531,맹약의 반지 - 道
15532,흑요석가루 모래시계
15533,프로즌 파이어 랜턴
15534,앰버 펜
15535,모래뭍은 플레일 왼쪽 철구
15536,모래뭍은 플레일 오른쪽 철구
15537,모래뭍은 플레일 손잡이
15538,냉기가 피어오르는 흉상
15539,황혼의 명상
15540,무한회랑의 상
15541,플레일 오브 데저트 로그
15542,비전 렌즈
15543,신비한 정련실패물의 조각
15544,신비한 세공실패물의 조각
15545,신비한 가공실패물의 조각
15546,신비한 복원실패물의 조각
15547,마이너 슈츠
15548,디거 슈츠
15549,하베스터 슈츠
15550,엑스캐배이터 슈츠
15551,마이너 벨트
15552,디거 벨트
15553,하베스터 벨트
15554,엑스캐배이터 벨트
15555,튼튼한 망태기
15556,바이러스 젬스톤
15557,파동 요격 장치
15558,난반사의 구슬
15559,레드 드래곤 스킨
15560,블루 드래곤 스킨
15561,옐로우 드래곤 스킨
15562,그린 드래곤 스킨
15563,실버 드래곤 스킨
15564,퍼플 드래곤 스킨
15565,소환진 : 어깨
15566,산삼 요구르트
15567,초 안전 헬멧
15568,BWM
15569,Beltz
15570,레플리카 광선검
15571,스타 크리스탈
15572,글리프 오브 스타
15573,블링크 건틀릿
15574,브론즈 호스 링
15575,실버 월드 2등
15576,도성의 장갑
15577,고룡골의 목걸이
15578,금주력의 목걸이
15579,라이트비트의 마법서
15580,인술 칼날바람술의 두루마리
15581,칠색 형광 티셔츠
15582,"167번 레시피, 리치의로브 1단"
15583,3426번 레시피
15584,3431번 레시피
15585,3435번 레시피
15586,미스틱 쿠퍼 파츠
15587,미스틱 실버 파츠
15588,타락의 화살
15589,라이온 크로우
15590,플로랄 퍼퓸
15591,6469번 레시피
15592,블랙 스타 슈터의 주문서
15593,프로사늄 아머
15594,화이트 아머
15595,투스 램
15596,뷰티풀 가죽조끼
15597,생생오염면
15598,언더 피어싱의 주문서
15599,9356번 레시피
15600,고급 이끼 샐러드
15601,위압의 발굽
15602,12128번 레시피
15603,소울 앰프
15604,12138번 레시피
15605,영혼조종의 피리
15606,꽃다발
15607,
15608,사일런트 매지션 엠블렘
15609,서포터 머신
15610,하이글래디에이터 소드
15611,신성한 토템
15612,성자의 고문서
15613,공형의 병법서
15614,고행자의 예복
15615,모래바람의 반지
15616,사혼진의 금서
15617,소라디온의 시간수정
15618,세븐리그 부츠
15619,크림슨 소울 건틀릿
15620,다크 위저드의 오브
15621,윈드 씰러
15622,타락한 성직자의 망치
15623,영혼기록의 원반
15624,라이트닝 웨이브 캐논
15625,디플렉션 월
15626,홍정석
15627,녹정석
15628,청정석
15629,황정석
15630,자정석
15631,푸른 태양의 돌
15632,피빛 달의 보석
15633,보라색 별의 수정
15634,대호골
15635,대용아
15636,페이징 이펙터
15637,차원 에센스
15638,디멘션 나이프
15639,소울 에센스
15640,안개의 반지
15641,비바람의 반지
15642,글리프 오브 스톰
15643,젤리 젬
15644,용귀각
15645,블링크 아이
15646,마비액
15647,희생자의 혼
15648,스크림 젬
15649,멸생석
15650,루비 아이
15651,사파이어 아이
15652,사이킥 브레인
15653,이차원의 결정
15654,안식 에센스
15655,조화 에센스
15656,저주 에센스
15657,망각 에센스
15658,파멸 에센스
15659,죽음 에센스
15660,타락의 근원
15661,뒤틀림의 근원
15662,리페어 스톤
15663,재생자의 심장
15664,포식자의 심장
15665,수호자의 영혼
15666,정령의 고서
15667,이글거리는 정수
15668,흐물거리는 정수
15669,휘몰아치는 정수
15670,굳어가는 정수
15671,전광의 정령 마잔토 레어
15672,융해의 정령 퓨네이어 레어
15673,자주색 원반 조각 1
15674,자주색 원반 조각 2
15675,자주색 원반 조각 3
15676,정령의 방울
15677,소울 커뮤니케이터
15678,인체해부서
15679,소울 글루
15680,마그마 스톤
15681,악마의 두개골
15682,특급 명주실
15683,번뜩이는 투구
15684,마법 빗자루
15685,인골벽
15686,3482번 레시피
15687,3483번 레시피
15688,3487번 레시피
15689,3489번 레시피
15690,광학미채 소재
15691,3500번 레시피
15692,3501번 레시피
15693,3502번 레시피
15694,3509번 레시피
15695,6484번 레시피
15696,호버 바이크
15697,6489번 레시피
15698,6490번 레시피
15699,6491번 레시피
15700,레이지 오브제
15701,9364번 레시피
15702,9365번 레시피
15703,9366번 레시피
15704,6528번 레시피
15705,대정령의 반지
15706,대암령의 반지
15707,9370번 레시피
15708,9371번 레시피
15709,블랙 스피릿 블레이드
15710,셀레스티 체인메일
15711,9400번 레시피
15712,9402번 레시피
15713,9403번 레시피
15714,9404번 레시피
15715,9410번 레시피
15716,9413번 레시피
15717,채광 나침반
15718,채굴 나침반
15719,채집 나침반
15720,발굴 나침반
15721,추악의 피조물
15722,12164번 레시피
15723,투명화 망토
15724,12166번 레시피
15725,12168번 레시피
15726,15077번 레시피
15727,디케이 액스
15728,엠티 에센스
15729,변이효소 분비샘
15730,에너지 데몬 레어
15731,
15732,
15733,
15734,
15735,
15736,
15737,
15738,흐릿
15739,마인드 쉬리커 레어
15740,버서크 위스프 레어
15741,옐로우 아이
15742,
15743,크레이지 우즈 레어
15744,
15745,왕쥐네 레어
15746,압축 암석 비늘
15747,이블 놈 레어
15748,
15749,센타오크 로드
15750,윈드커팅 맨티스
15751,포츈 코인
15752,환술사의 수정팔찌
15753,자가분열 AI코어
15754,27 기통 통곡 엔진
15755,던 오브
15756,이클립스 오브
15757,트와일라잇 오브
15758,댄스 서킷
15759,봉인의 화석
15760,상아의 마법서
15761,금빛 로브
15762,아쿠마니안 티어
15763,고급 떡갈나무 목재
15764,옵시디우드
15765,숨겨진 마음
15766,흑철피
15767,소울 본드
15768,인비지블 잉갓
15769,트랜스폼 블록
15770,지혜와 지식의 바늘
15771,3522번 레시피
15772,3523번 레시피
15773,3524번 레시피
15774,3531번 레시피
15775,3550번 레시피
15776,드래곤 스케일 월
15777,3552번 레시피
15778,6553번 레시피
15779,6555번 레시피
15780,6556번 레시피
15781,6557번 레시피
15782,6558번 레시피
15783,6559번 레시피
15784,6560번 레시피
15785,6564번 레시피
15786,6571번 레시피
15787,6572번 레시피
15788,6579번 레시피
15789,6591번 레시피
15790,6599번 레시피
15791,9422번 레시피
15792,9423번 레시피
15793,9425번 레시피
15794,9429번 레시피
15795,9435번 레시피
15796,9440번 레시피
15797,9441번 레시피
15798,9447번 레시피
15799,9450번 레시피
15800,9454번 레시피
15801,9456번 레시피
15802,9457번 레시피
15803,9476번 레시피
15804,12186번 레시피
15805,12189번 레시피
15806,12191번 레시피
15807,15094번 레시피
15808,15096번 레시피
15809,15105번 레시피
15810,15108번 레시피
15811,
15812,
15813,
15814,
15815,
15816,
15817,
15818,
15819,
15820,
15821,
15822,
15823,
15824,
15825,
15826,
15827,
15828,
15829,
15830,
15831,
15832,
15833,
15834,
15835,
15836,
15837,
15838,
15839,
15840,
15841,
15842,
15843,
15844,
15845,
15846,
15847,
15848,
15849,
15850,
15851,더 애널라이즈 스카우터
15852,신묘력의 나뭇가지
15853,빙혼녀의 수정비석
15854,소용돌이석
15855,뮤턴트 큐브
15856,설리테스의 키스톤
15857,디르티프의 키스톤
15858,팔티마드의 키스톤
15859,라크란데의 키스톤
15860,블랙 데스 앵크
15861,플라즈마 배터리
15862,코러스 오브
15863,죄악의 장미줄기
15864,우호주
18001,
18002,암흑룬의 서
18003,마스터메이드 앞치마
18004,무지개 폭탄
18005,언파워드 로리 안드로이드
18006,무라사메
18007,장명의 구슬
18008,생명의 구슬
18009,백색 숏커트 로리 돌피인형
18010,겔겔의 심령서(진본)
18011,겔겔스웜의 주문서
18012,더블혼
18013,네이츄어 포스 애로우
18014,압솔류트 레이의 주문서
18015,페이스풀 세이버
18016,카오스 캐논
18017,인페르노 매트릭스
18018,헬 사이드
18019,파멸의 피리
18020,직사의 수리검
18021,멸혼검
18022,헬 브링거
18023,네이쳐 로브
18024,하트 오브 드래곤
18025,벨트 오브 스트렝스
18026,드레드 본 소드
18027,소울 파이어의 마법서
18028,스위스 갓스 농기구
18029,정령의 비키니
18030,젯 펑거스
18031,쉐도우 오브
18032,카피 브레인
18033,마인드 이그저스터의 뇌
18034,퓨엘리움 덩어리
18035,인페르노 스크롤
18036,우울한 마음
18037,白銀鈴
18038,소드 오브 시크릿 플레임
18039,로브 오브 시크릿 플레임
18040,드림 트래블 기어
18041,썬샤인 루비
18042,스웜프 토파즈
18043,파워 드링크
18044,인텔리전트 드링크
18045,챰 드링크
18046,센시빌리티 드링크
18047,컨스티튜드 드링크
18048,룬 템페스트
18049,드래곤 브레스의 마법서
18050,쉐도우 프리징의 마법서
18051,마그네틱 썬더의 마법서
18052,블라이트 클라우드의 마법서
18053,데스 텔레파시의 마법서
18054,아스트랄 프로젝션의 마법서
18055,핸섬 페이스
18056,스노우 사파이어
18057,焰舞
18058,雪姬
18059,드라군 블래스터
18060,엘리멘타리 보우
18061,히어로 슈츠
18062,쉐도우 헬름
18063,웨더 쉬프터
18064,퓨어 젬스톤
18065,마나 배터리
18066,엘리메넥시움
18067,신선의 메달
18068,스타 티어 다이아몬드
18069,섹시의 기원 완전본
18070,다이스메테오의 두루마리
18071,이어링 오브 다크 프로페시
18072,레드 크레센트
18073,퓨어레이의 두루마리
18074,트랜스폼 브레스렛
18075,드리머 에메랄드
18076,글룸 아메시스트
18077,극락의 빵
18078,용격추 드라블로스터
18079,블랙 트래블러
18080,스켈라스 소환진
18081,XXZT 배리어 머신
18082,평원 거인
18083,라이프 코어
18084,보룡추 젬 드레이커
18085,퀵클링의 심장
18086,티어 오브 네이쳐
18087,천의 두루마리
18088,천룡검 스카 드레이즈
18089,청각개 블린 니무스
18090,지룡도 아카 프레이즈
18091,수룡창 티카 스네피드
18092,화룡부 파카 아크네드
18093,풍룡궁 위카 페이베스
18094,광룡퇴 루카 블로비트
18095,암룡장 다카 스테리트
18096,진정의 팔찌
18097,태양의 관
18098,풍요의 드레스
18099,평온의 반지
18100,조화의 관
18101,홍각개 레딘 테이러
18102,사이보그 강아지 mk-4
18103,마스터 그리브
18104,지혜의 마법서
18105,와이즈 페리도트
18106,애니버서리 링
18107,마나 스컬
18108,플레라이트닝 스크롤
18109,아이시 일루젼 스크롤
18110,다크니스 스크롤
18111,에인션트 디스크
18112,듀얼 썬
18113,고스트 실크
18114,리버스 필터
18115,포지티브 아이
18116,크림슨 해머의 주문서
18117,아이시 보우의 주문서
18118,풍
18119,지
18120,안드로메다 관광 상품권
18121,사랑의 채찍
18122,썬시늄괴
18123,기타
18124,기타
18125,기타
18126,황금붓
18127,플래티넘 박스 1등
18128,진홍의 향수
18129,블랙홀 써커
18130,사령검 흑풍
18131,편익천사의 날개
18132,엔젤릭 링
18133,데모닉 링
18134,딥 포이즌
18135,네이스트 라일라우네의 봉우리
18136,다크우드 스태프
18137,하트 오브 다크우드
18138,엔젤릭 드레스
18139,데모닉 드레스
18140,만월의 한본
18141,신수의 한복
18142,라이온 킹스 하트
18143,드릴 혼
18144,전설의 밀렵꾼 J 레어
18145,마숲 퀘보상
18146,유혹의 화분
18147,벽조목
18148,어둠의 씨앗
18149,마숲쪽 레어
18150,마그네틱 툴즈
18151,이블 아이
18152,스피릿 오브
18153,헬 아이
18154,3295번 레시피
18155,언커먼 골렘
18156,6293번 레시피
18157,정령암
18158,폐인의 증표 (짱)
18159,9183번 레시피
18160,디스트럭트 소드
18161,막장액
18162,디스트럭트 액스
18163,폐인 아머
18164,오션 브래이지어
18165,
18166,스컬 로 크래셔
18167,소울 드링커
18168,화염사
18169,풀 메탈 바스켓
18170,6281번 레시피
18171,시어링 오팔
18172,빔펄스 제너레이터
18173,블랙 톡식 블래스트
18174,오션 아쿠아마린
18175,석장
18176,석장
18177,심연의 터키석
18178,석장
18179,석장
18180,폐인 웨이브의 주문서
18181,유니콘 헬름
18182,엔젤릭 네클리스
18183,데모닉 네클리스
18184,엔젤릭 로드
18185,데모닉 스피어
18186,애시드 드링커 레어
18187,퓨어 아이스 에센스
18188,혼백의 불꽃
18189,빙혼의 복수자
18190,마이너스 디바이스
18191,플러스 디바이스
18192,파이널리티 머신 언커
18193,혈비룡의 꼬리
18194,"혈룡 ""블리아니티스"" 언커"
18195,"블러드 윙 ""붉은부리"" 레어"
18196,에인션트 블러드 크로우 레어
18197,THAT 판넬
18198,견신의
18199,이제이져 슈츠
18200,홍련의 반지
18201,빙련의 반지
18202,뇌련의 반지
18203,토련의 반지
18204,광련의 반지
18205,암련의 반지
18206,철련의 반지
18207,광산레어?
18208,광산레어?
18209,광산레어?
18210,돌바가지 합성
18211,ατ 서쳐 : 코드 호크
18212,동혼핵
18213,광기의 용린
18214,월영옥
18215,비틀어진 정의감의 관
18216,아이스 임팩터
18217,합성
18218,인터그레이션 매지컬 코어
18219,합성
18220,합성
18221,마영즙
18222,크림슨 울프 클락
18223,대혈선
18224,합성
18225,합성
18226,대악마의 지식
18227,디펜더 오브 툼
18228,옆집 여동생의 야한 속옷
18229,디나이얼 플레이트 메일
18230,신성룬의 서
18231,τ 마이티 트랜스폼 파츠
18232,에인션트 카오스 실드
18233,합성
18234,합성
18235,오리할콘 플레이트 메일
18236,우주 무지개 옷
18237,잔영검
18238,합성
18239,옆집 누나의 야한 속옷
18240,합성
18241,에인션트 페어리 파우더
18242,올마이트 매터리얼 큐브
18243,청금의 투구 - 벨리안테
18244,보륜 크샨트리아
18245,검은 상아
18246,수정안
18247,데솔레이트 젬
18248,미소녀신기루 레어
18249,홍염의 영봉
18250,냉한의 영봉
18251,뇌전의 영봉
18252,부식의 영봉
18253,광채의 영봉
18254,암운의 영봉
18255,폭기의 영봉
18256,홍염의 옥패
18257,냉한의 옥패
18258,뇌전의 옥패
18259,부식의 옥패
18260,광채의 옥패
18261,암운의 옥패
18262,폭기의 옥패
18263,極 · 覇王衣
18264,파괴신의 경전
18265,고대인의 끄나풀 레어
18266,홍란의 무녀복
18267,청련의 무녀복
18268,창령의 무녀복
18269,백린의 무녀복
18270,고고한 사슬검 - 엘렉시아
18271,우아한 사슬검 - 로멘미즈
18272,현실침식의 반지
18273,사령서 네크리카
18274,알 수 없는 기계부품
18275,신시아용 커스텀 웨이트리스복
18276,적사술사의 장갑
18277,청사술사의 장갑
18278,맹렬한 꽃봉우리
18279,냉정한 꽃봉우리
18280,화려한 꽃봉우리
18281,신록 에센스
18282,스텔스 로브
18283,플라워 엘리멘트 오브
18284,화령주
18285,베놈 뮤탄트 스켈레톤 레어
18286,대지 돌격자 레어
18287,죽음의 붉은 눈
18288,네이쳐스 시어 실드
18289,네이쳐스 시어 예언서(전)
18290,네이쳐스 시어 예언서(후)
18291,순결한 마음
18292,순백의 메이스-피에릴
18293,순결의 여신 레어
18294,버단트 앵그리 비스트 레어
18295,대지 진동자 레어
18296,신록의 지팡이 - 베렌스티어
18297,신록의 대수호자 레어
18298,po골렘wer 레어
18299,진실을 꿰뚫는 뿌리 레어
18300,원초적 그것의 그것의 그것의 그것
18301,네이쳐스 가이드 크리스탈
18302,네이쳐스 래스 크리스탈
18303,자연의 가르침
18304,트리플 브레슬릿
18305,서드 하트
18306,신록모신의 머리카락
18307,무중력 비상 장치
18308,네이쳐스 시어의 비밀인장
18309,팬텀 로즈버드
18310,네이쳐 스캐럽
18311,크로듐 테이프
18312,핀포인트 드라이버
18313,風奏
18314,金妃
18315,터틀 룬 프로텍터
18316,버단트 레이의 주문서
18317,화령갑 - 炎護
18318,수령갑 - 氷護
18319,풍령갑 - 電護
18320,지령갑 - 剛護 
18321,12080번 레시피
18322,
18323,秘連劍
18324,타락의 팬티
18325,타락의 훈도시
18326,고분자 대검
18327,파괴의 체인 블레이드
18328,
18329,체인 블레이드 참
18330,라이온 망토
18331,
18332,
18333,Ex알파레이 라이플
18334,하트풀 핑크 프릴 팬티
18335,
18336,에인션트 하트
18337,성궤
18338,15054의 결과
18339,
18340,
18341,
18342,이벨리움괴
18343,프라이멀 블러드
18344,태고의 인형 얼굴
18345,안티 리얼리티 오브
18346,언리얼리티 마스크
18347,타임 에센스
18348,리버스 타임 에센스
18349,왜곡
18350,춤추는 미소년의 영혼
18351,왜곡
18352,왜곡
18353,왜곡
18354,왜곡
18355,"시간 여행자 ""미레이라 틸렌타"" "
18356,왜곡
18357,왜곡
18358,왜곡
18359,왜곡
18360,육체의 서
18361,빛의 서
18362,어둠의 서
18363,그림자의 서
18364,왜곡
18365,왜곡
18366,패러독스 크리쳐
18367,플레이자드 하푼
18368,
18369,
18370,스페이스 로드
18371,
18372,15085번 레시피
18373,15086번 레시피
18374,사령서 네투펠더
18375,엘리멘탈 브룸
18376,15082번 레시피
18377,9373번 레시피
18378,
18379,대정령의 반지 - 일 비엔
18380,대암령의 반지 - 렐 키엔
18381,프티우네의 봉오리
18382,
18383,셀레스티 윙 가디언
18384,여기까지 신합성 
18385,기타
18386,기타
18387,"코스모스의 속삭임, 기타"
18388,"여기까지 신합성, 기타"
18389,창공의 산타복
18390,대지의 산타복
18391,창공의 산타모
18392,대지의 산타모
18393,염철괴
18394,빙철괴
18395,뇌철괴
18396,금철괴
18397,영철괴
18398,채광
18399,채굴
18400,
18401,그린 마나 스톤
18402,무지개빛 수정
18403,메딜라의 보석
18404,로드나이트
18405,증폭의 보석
18406,
18407,
18408,채굴
18409,
18410,광전사 버섯
18411,
18412,
18413,
18414,
18415,
18416,
18417,
18418,채집
18419,무지개 폭탄의 외부 조각 1
18420,무지개 폭탄의 외부 조각 2
18421,무지개 폭탄의 내부
18422,노란 보석이 박힌 해머 잔해
18423,파란 보석이 박힌 해머 잔해
18424,보룡추의 봉 부분
18425,마이너스 디바이스 조각 1
18426,마이너스 디바이스 조각 2
18427,플러스 디바이스 조각 1
18428,플러스 디바이스 조각 2
18429,맹약의 반지
18430,맹약의 반지
18431,맹약의 반지
18432,맹약의 반지
18433,맹약의 반지
18434,맹약의 반지
18435,맹약의 반지 - 連
18436,맹약의 반지 - 
18437,
18438,
18439,
18440,
18441,
18442,
18443,합성
18444,합성
18445,화석으로 된 페이지
18446,화석의 마법서
18447,스피릿 프리즌
18448,미스틸테인 위쪽 칼날
18449,미스틸테인 중간 칼날
18450,미스틸테인 아래쪽 칼날
18451,미스틸테인 손잡이
18452,거울 방패 왼쪽 부분
18453,거울 방패 가운데 부분
18454,거울 방패 오른쪽 부분
18455,거울 방패 손잡이
18456,미스틸테인
18457,거울 방패
18458,미스틱 오렌지 기어
18459,새벽 별빛의 조각상
18460,
18461,
18462,
18463,구원의 룬 변이석
18464,통제의 룬 변이석
18465,광기의 룬 변이석
18466,증식의 룬 변이석
18467,쾌락의 룬 변이석
18468,6519번 레시피
18469,마그마 슈터
18470,타임 플로우 CPU
18471,브레인 익스텐더 BX-199
18472,일렉트릭 인베이더
18473,신비한 정련실패물의 덩어리
18474,신비한 세공실패물의 덩어리
18475,신비한 가공실패물의 덩어리
18476,신비한 복원실패물의 덩어리
18477,풀 문 하베스터
18478,딥 포인트 살베져
18479,하이 스파크 젬스톤
18480,3385번 레시피
18481,9292번 레시피
18482,12103번 레시피
18483,12104번 레시피
18484,12105번 레시피
18485,블루 쏜 숄더
18486,초마도 전도수정
18487,티어 아이
18488,어스 크러셔
18489,보룡추 젬 슬레이버
18490,페이스풀 헬름
18491,백발백점 부적
18492,레플리카 무쌍검
18493,합성
18494,스타더스트 참
18495,천문학자의 로브
18496,스타 스트라이크의 마법서
18497,실버 래빗 네클리스
18498,골든 라이온 로브
18499,골드월드 1등
18500,화석방패 - 트라비고
18501,포루엥 - 잃어버린 지식의 열매
18502,솔리들 - 솔의 마법서
18503,포톤 칼날
18504,럭셔리 에센스
18505,불길한 고목가지
18506,만년 껍질
18507,점핑 큐브
18508,6454번 레시피
18509,솔리들 솔 업
18510,포톤칼날 업
18511,럭셔리에센 업
18512,스타 3단
18513,미스틱 골드 파츠
18514,미스틱 플래티넘 파츠
18515,6479번 레시피
18516,6480번 레시피
18517,스펙트랄 클락
18518,레싶 9359의 결과
18519,미소녀 유혹술의 마법서
18520,미소년 유혹술의 마법서
18521,아로마 풀 플레이트 메일
18522,12117번
18523,12118번
18524,그것은 그 지팡이
18525,12119번
18526,중재자의 로브
18527,타임 워프의 주문서
18528,
18529,
18530,
18531,
18532,피어 본 아머
18533,빅장 비전서
18534,15066번 레시피
18535,스웜프 킹 아머
18536,궁정마법사의 모자
18537,로즈라일 공녀의 드레스
18538,임페리얼 가드 망토
18539,대추장의 주술방패
18540,교황의 법의
18541,명장의 투구
18542,탈미어의 별
18543,오레일의 인조보옥
18544,태황제의 황옥
18545,케투알차투라가의 눈
18546,라니스의 빛
18547,호월청령주
18548,셀케스의 청녹석
18549,도제르트 카인의 터번
18550,광기의 인골가면
18551,타임 키 넥클리스
18552,멜투스의 실용 마법서
18553,천쇄검
18554,그랜드 듀크 셉터
18555,잊혀진 바람의 검
18556,다크니스 퓨리의 의식서
18557,스피릿 디바이더
18558,두 소녀 이야기
18559,사막의 꿈
18560,광왕과 인골벽
18561,시공 음모론
18562,마법사 멜투스의 모험
18563,에타르니아의 빛
18564,서툰자들의 여행기
18565,바람을 만드는자 - 윈디그
18566,어둠의 노래
18567,듀얼 라이프
18568,백전노장의 지휘봉
18569,트라이 오브
18570,인조천사의 고리
18571,인조천사의 강철날개
18572,白仙衣 : 晝淸
18573,黑仙衣 : 夜乾
18574,섬검 플라페이서
18575,광검 아인체이서
18576,소드 오브 썬 아바타
18577,클락 오브 문 메신저
18578,아머 오브 스타 가디안
18579,타이거네일 클로
18580,드래곤 혼 랜스
18581,디케이 개틀링
18582,합성
18583,합성
18584,대호골패
18585,9384번 레시피
18586,아므네지아 드링크
18587,합성
18588,디멘션 파우치
18589,이글거리는 목걸이
18590,흐물거리는 목걸이
18591,휘몰아치는 목걸이
18592,굳어가는 목걸이
18593,디멘션 워커즈 링 - 네피렌
18594,고요한 안개의 반지
18595,거친 비바람의 반지
18596,화정석
18597,수정석
18598,풍정석
18599,지정석
18600,엘리멘트 젬
18601,트랭퀼 아이
18602,그레이브 키퍼 스틱
18603,죽은 정령의 집합체 레어
18604,순령검 퓨트리피에르
18605,굉염의 혼
18606,절빙의 혼
18607,격뢰의 혼
18608,진결의 혼
18609,환혹의 정령 필라메이르 레어
18610,엘마이드의 부츠
18611,샤프 리프터
18612,세이렌의 눈
18613,영령검 백풍
18614,천상의 명주실
18615,3495번 레시피
18616,트와이들 레이의 주문서
18617,6525번 레시피
18618,사이킥 스톤
18619,세이렌 보이스
18620,6529번 레시피
18621,재생자의 영기
18622,블링크 오브
18623,6533번 레시피
18624,순백의 망토
18625,6536번 레시피
18626,무중력 쟁반
18627,
18628,
18629,완전투명한 조각
18630,
18631,칼날 나뭇잎 발칸
18632,중재자의 로브
18633,
18634,엘더 드루이드 링
18635,
18636,
18637,
18638,
18639,
18640,어비스 고르곤 레어
18641,퍼플아이
18642,
18643,
18644,
18645,
18646,다크투스 놀 챔피언
18647,
18648,영지의 마법서
18649,상고의 흑목석
18650,디멘션 코일
18651,스마일 오브
18652,합성
18653,
18654,3524번 레시피
18655,폭염룡검
18656,6548번 레시피
18657,6554번 레시피
18658,6587번 레시피
18659,6598번 레시피
18660,9426번 레시피
18661,9430번 레시피
18662,9432번 레시피
18663,9433번 레시피
18664,9434번 레시피
18665,9445번 레시피
18666,9446번 레시피
18667,9448번 레시피
18668,9451번 레시피
18669,메카닉 드래곤 스케일 월
18670,9459번 레시피
18671,9460번 레시피
18672,9461번 레시피
18673,9462번 레시피
18674,옵시디우 실드
18675,9465번 레시피
18676,9466번 레시피
18677,9467번 레시피
18678,9471번 레시피
18679,9472번 레시피
18680,9473번 레시피
18681,9474번 레시피
18682,9477번 레시피
18683,9479번 레시피
18684,12181번 레시피
18685,12185번 레시피
18686,12188번 레시피
18687,12199번 레시피
18688,12204번 레시피
18689,15091번 레시피
18690,15096번 레시피
18691,15097번 레시피
18692,15103번 레시피
18693,15104번 레시피
18694,15106번 레시피
18695,
18696,
18697,
18698,
18699,
18700,
18701,
18702,
18703,
18704,
18705,
18706,
18707,더 라이브러리
18708,라이온 킹스 아이
18709,반전의 마경
18710,현란의 마옥
18711,월휘옥
18712,FB-4780 코드 [헤비 버드]
18713,
18714,강적2라운드
21001,
21002,클론 옆집 여동생
21003,카타스트로피어
21004,초등학교 교복 로리 돌피 안드로이드
21005,에인션트 호러의 소환서
21006,네더 루닉 소드
21007,카피 오브
21008,쉐도우 스파크의 마법서
21009,문라이트 버스터
21010,저스티스 히어로 슈츠
21011,뉴클리어 스크롤
21012,딥 블루
21013,다마스쿠스터
21014,타임 스파이럴의 주문서
21015,창각개 블린 그라니무스
21016,홍앵개 
21017,에로 게이저의 마법서
21018,쿼드 혼
21019,퓨어 썬
21020,호문크루스 페어리
21021,오비탈 룬
21022,갤러슬리듐
21023,드라나이트
21024,기타
21025,엠페러즈 가디언
21026,이온 제너레이터
21027,마더 다크우드 레어
21028,"대요괴견 ""염화"" 레어"
21029,플레라이트닝의 주문서
21030,3298번 레시피
21031,레싶 12054
21032,아이시 일루젼의 주문서
21033,비염검 시크리스
21034,다크니스의 주문서
21035,엘레멘타리 슈터
21036,페이스풀 피어서
21037,"혈룡 ""블리아니티스"" 레어"
21038,카타스트로픽 해머
21039,레이즈 오브 드래곤
21040,엘레멘탈 비키니 아머
21041,합성
21042,다클리스트
21043,6317번 레시피
21044,요도 무라사메
21045,비염의 레이노르
21046,파이널리티 머신 w 레어
21047,"3319번 결과, 15070에 한개"
21048,초악마의 지식
21049,純焰舞 : 주작의 무녀복
21050,純雪姬 : 현무의 무녀복
21051,9232번 레시피
21052,앵화잔영검
21053,합성
21054,블랙 디나이얼 플레이트
21055,
21056,
21057,地下神精衣
21058,天上神靈衣
21059,사령의 구슬
21060,"원죄치천사 ""알테누시펠"" 레어"
21061,"플라워 매지션 ""플레린"" 레어"
21062,게헤드 레어
21063,네이쳐스 시어 스태프-넬타
21064,델리아브 레어
21065,엠페러 애너힐레이터 레어
21066,베렌 티아르
21067,트리플 하트 실 헤이츠 레어
21068,신성한 신록의 에메랄드
21069,팬텀 업
21070,팬텀 업
21071,팬텀 업
21072,팬텀 업
21073,합성
21074,디멘션 드라이버
21075,純風奏 : 청룡의 무녀복
21076,純金妃 : 백호의 무녀복
21077,프리즘 아이
21078,버단트 레이즈의 주문서
21079,홍란의 무녀복 - 炎鬪
21080,청련의 무녀복
21081,창령의 무녀복 - 蒼激
21082,백린의 무녀복
21083,9249번 레시피
21084,초등학교 교복 로리 안드로이드(완)
21085,3356번 레시피
21086,네이쳐스 시어 예언서(완전본)
21087,하트풀 핑크 프릴 팬티-로렐
21088,스키피아 형제
21089,스키피아
21090,스키피아 자매
21091,보석
21092,보석
21093,
21094,적사술
21095,청사술
21096,
21097,퓨엘리움 테이프
21098,"시류의 관리자 ""엥겔레"" 레어"
21099,"천상의 가희 ""프리시아 엘란"" 레어"
21100,"천상의 주시자 ""그라노이엘"" 레어"
21101,6511번 레시피
21102,합성
21103,어비스 아이
21104,대악마의 사술서
21105,안티 그라비티 매터리얼 큐브
21106,3505번 레시피
21107,신합성
21108,채광
21109,청경석
21110,채광
21111,유령석
21112,채광
21113,채광
21114,채광
21115,채광
21116,채굴
21117,채굴
21118,커다란 납빛 원석
21119,채굴
21120,채굴
21121,극광 연꽃
21122,채집
21123,채집
21124,채집
21125,채집
21126,채집
21127,채집
21128,노란 별무늬 버섯
21129,하늘거리는 얇은 덩굴
21130,이온 제너레이터 조각
21131,이온 제너레이터 조각
21132,이온 제너레이터 조각
21133,이온 제너레이터 조각
21134,일반
21135,일반
21136,일반
21137,일반
21138,일반
21139,일반
21140,일반
21141,합성
21142,치천의 염검
21143,치천의 염검
21144,치천의 염검
21145,치천의 빙갑 - 가브리온
21146,치천의 빙갑 - 가브리온
21147,치천의 빙갑 - 가브리온
21148,치천의 뇌관 - 라파로스
21149,치천의 뇌관 - 라파로스
21150,치천의 뇌관 - 라파로스
21151,치천의 암순 - 우리네스
21152,치천의 암순 - 우리네스
21153,치천의 암순 - 우리네스
21154,치천의 염검
21155,치천의 빙갑 - 가브리온
21156,치천의 뇌관 - 라파로스
21157,치천의 암순 - 우리네스
21158,일반
21159,"훌륭해보이는 그림조각 3,4"
21160,일반
21161,일반
21162,일반
21163,일반
21164,합성
21165,일반
21166,일반
21167,"종말의 디스크, 합성"
21168,일반
21169,일반
21170,일반
21171,일반
21172,6361번 레시피
21173,일반
21174,6386번 레시피
21175,6385번 레시피
21176,6384번 레시피
21177,6383번 레시피
21178,9293번 레시피
21179,9299번 레시피
21180,9300번 레시피
21181,12109번 레시피
21182,성은륜 - 스프라스트
21183,금단의 장갑 - 시글라밴스
21184,3448번 레시피
21185,3449번 레시피
21186,진정의 팔찌 - 칼브룸
21187,합성
21188,합성
21189,합성
21190,합성
21191,합성
21192,합성
21193,합성
21194,합성
21195,타임 디스토션의 주문서
21196,합성
21197,합성
21198,합성
21199,광룡격퇴 루카 라블로비트
21200,합성
21201,합성
21202,합성
21203,팅클 스타 버스트의 주문서
21204,합성
21205,합성
21206,12133번 레시피
21207,12136번 레시피
21208,폴락시스
21209,15065번 레시피
21210,어둠 지배자의 갑옷
21211,15065번 레시피
21212,합성
21213,합성
21214,사이보그 강아지 mk-V
21215,둘도 없는 우정 엠블렘
21216,웅대한 기상 엠블렘
21217,인과의 업보 엠블렘
21218,잃어버린 시간의 진실 엠블렘
21219,끝없는 호기심 엠블렘
21220,천사의 눈물 엠블렘
21221,고귀한 운명 엠블렘
21222,바람의 마음가짐 엠블렘
21223,슬픈 고고의 지배자 엠블렘
21224,이터널 소울 하모니 엠블렘
21225,호제맹령주
21226,용황굉명주
21227,프란티그 - 정적의 안개
21228,리바제인 - 격노의 비바람
21229,황혼의 정령 타르티나크 레어
21230,정령관 - 엘루인 레메이러
21231,퓨어 엔젤 하트
21232,히디어스 데빌 하트
21233,死神衣 - 朧
21234,아르케 스크롤
21235,굉염령검 파에리피에르
21236,6499번 레시피
21237,6500번 레시피
21238,6501번 레시피
21239,9374번 레시피
21240,9386번 레시피
21241,9387번 레시피
21242,9391번 레시피
21243,9399번 레시피
21244,9409번 레시피
21245,대정령사의 로브
21246,9417번 레시피
21247,9420번 레시피
21248,12161번 레시피
21249,12163번 레시피
21250,12171번 레시피
21251,15075번 레시피
21252,프리즈매틱 드래곤 스킨
21253,15078번 레시피
21254,15089번 레시피
21255,파괴신의 야수 '케락홀륄' 레어
21256,인 · 바르 : 신의 손가락
21257,3512번 레시피
21258,3535번 레시피
21259,3536번 레시피
21260,3565번 레시피
21261,6567번 레시피
21262,6600번 레시피
21263,9427번 레시피
21264,9431번 레시피
21265,9438번 레시피
21266,9464번 레시피
21267,9468번 레시피
21268,9469번 레시피
21269,9470번 레시피
21270,9480번 레시피
21271,12182번 레시피
21272,12183번 레시피
21273,12184번 레시피
21274,12192번 레시피
21275,12193번 레시피
21276,12194번 레시피
21277,12195번 레시피
21278,12196번 레시피
21279,12200번 레시피
21280,12202번 레시피
21281,12206번 레시피
21282,12207번 레시피
21283,12208번 레시피
21284,12209번 레시피
21285,12210번 레시피
21286,15095번 레시피
21287,15101번 레시피
21288,15102번 레시피
21289,봉인된 아르마니 로모스
24001,
24002,종언의 수리검
24003,더 인피니티 혼즈
24004,창앵개 불레닌 그란세이스
24005,9171번 레시피
24006,아르케 게이트
24007,9185번 레시피
24008,월드라이트 광석
24009,일반
24010,무지개색의 장미
24011,레싶 12058
24012,"15030번 레시피, 보석"
24013,"15033번 레시피, 보석"
24014,명현일쌍 소울 도미네리어
24015,환염검
24016,합성
24017,환염의
24018,블랙 톡식 블래스트 업글
24019,합성
24020,올 디나르
24021,아나키스트
24022,합성
24023,합성
24024,합성
24025,신록왕 베렌 테이르 레어
24026,신록의 대지모신 베렌 테이아 레어
24027,합성
24028,합성
24029,합성
24030,합성
24031,링 오브 어텀-엘리시아
24032,팬텀 업업
24033,팬텀 업업
24034,팬텀 업업
24035,12078번 레시피
24036,그리시아의 핑크 프릴 팬티
24037,일반
24038,일반
24039,일반
24040,뜨거운 버섯
24041,일반
24042,태양 조각
24043,태양 조각
24044,노란색 태양 조각
24045,태양 조각
24046,태양 조각
24047,왼쪽의 대적자 조각
24048,오른쪽의 대적자 조각
24049,아래쪽의 대적자 조각
24050,위쪽의 대적자 조각
24051,가운데의 대적자 조각
24052,합성
24053,대적자-펠타누스
24054,12141번 레시피
24055,12110번 레시피
24056,호문크루스 페어리 : 니스
24057,호문크루스 페어리 : 티아
24058,세븐 스타 브레이커의 주문서
24059,15070번 레시피
24060,12158번 레시피
24061,12178번 레시피
24062,12180번 레시피
24063,뉴클리어 퍼니셔의 마법서
24064,15074번 레시피
24065,15087번 레시피
24066,15090번 레시피
24067,12190번 레시피
24068,12197번 레시피
24069,12198번 레시피
24070,12201번 레시피
24071,12203번 레시피
24072,12205번 레시피
24073,15092번 레시피
24074,15099번 레시피
24075,15100번 레시피
24076,15107번 레시피
24077,15109번 레시피
24078,15110번 레시피
27001,
27002,"징벌자 ""퓨리에스"""
27003,"신륜 ""엘 트란바인"""
27004,"영원의 반지 ""이터널 이테르니카"""
27005,"환염비의 ""레이 플레노르"""
27006,"환염비검 ""시크 플레리스"""
27007,